﻿<?xml version="1.0" encoding="UTF-8" standalone="no"?>
<Entities>
  <ExtensionPackages>
    <ExtensionPackage dependsOn="" description="" minimumThingWorxVersion="9.3.6" name="ImageAndPDFExport" packageVersion="1.202517.1" vendor="Knorr-Bremse Services GmbH">
      <JarResources>
        <FileResource description="" file="imageandpdfexport.jar" type="JAR" />
        <FileResource description="" file="failsafe-3.3.2.jar" type="JAR" />
        <FileResource description="" file="selenium-api-4.20.0.jar" type="JAR" />
        <FileResource description="" file="selenium-chromium-driver-4.20.0.jar" type="JAR" />
        <FileResource description="" file="selenium-devtools-v124-4.20.0.jar" type="JAR" />
        <FileResource description="" file="selenium-http-4.20.0.jar" type="JAR" />
        <FileResource description="" file="selenium-json-4.20.0.jar" type="JAR" />
        <FileResource description="" file="selenium-remote-driver-4.20.0.jar" type="JAR" />
        <FileResource description="" file="selenium-os-4.20.0.jar" type="JAR" />
        <FileResource description="" file="selenium-chrome-driver-4.20.0.jar" type="JAR" />
        <FileResource description="" file="selenium-manager-4.20.0.jar" type="JAR" />
        <FileResource description="" file="itextpdf-5.0.6.jar" type="JAR" />
        <FileResource description="" file="selenium-edge-driver-4.20.0.jar" type="JAR" />
        <FileResource description="" file="io-7.2.1.jar" type="JAR" />
        <FileResource description="" file="kernel-7.2.1.jar" type="JAR" />
        <FileResource description="" file="layout-7.2.1.jar" type="JAR" />
        <FileResource description="" file="webdrivermanager-5.2.0.jar" type="JAR" />
        <FileResource description="" file="commons-7.2.1.jar" type="JAR" />
        <FileResource description="" file="selenium-shutterbug-1.6.jar" type="JAR" />
        <FileResource description="" file="ashot-1.5.4.jar" type="JAR" />
      </JarResources>
    </ExtensionPackage>
  </ExtensionPackages>
  <Resources>
    <Resource aspect.isCreatable="false" aspect.isEditableExtensionObject="false" className="com.kb.reports.KBReportResource" description="" name="KBReportResource" />
  </Resources>
</Entities>