<?xml version="1.0" encoding="UTF-8"?>
<Entities
 build="b527"
 majorVersion="9"
 minorVersion="0"
 modelPersistenceProviderPackage="MssqlPersistenceProviderPackage"
 revision="8"
 schemaVersion="1107"
 universal="password">
    <ApplicationKeys>
        <ApplicationKey
         clientName=""
         description=""
         documentationContent=""
         expirationDate="2039-12-31T23:00:00.000Z"
         homeMashup=""
         ipWhitelist=""
         keyId=""
         lastModifiedDate="2021-09-23T05:33:43.816Z"
         name="KBPDFCreatorAppKey"
         projectName=""
         tags=""
         userNameReference="KBPDFCreatorUser">
            <avatar></avatar>
            <DesignTimePermissions>
                <Create></Create>
                <Read></Read>
                <Update></Update>
                <Delete></Delete>
                <Metadata></Metadata>
            </DesignTimePermissions>
            <RunTimePermissions></RunTimePermissions>
            <VisibilityPermissions>
                <Visibility></Visibility>
            </VisibilityPermissions>
            <ConfigurationTableDefinitions></ConfigurationTableDefinitions>
            <ConfigurationTables></ConfigurationTables>
        </ApplicationKey>
    </ApplicationKeys>
</Entities>
