<?xml version="1.0" encoding="UTF-8"?>
<Entities
 build="b527"
 majorVersion="9"
 minorVersion="0"
 modelPersistenceProviderPackage="MssqlPersistenceProviderPackage"
 revision="8"
 schemaVersion="1107"
 universal="password">
    <Mashups>
        <Mashup
         aspect.isExtension="true"
         aspect.isResponsive="true"
         aspect.mashupType="mashup"
         columns="0.0"
         description=""
         documentationContent=""
         homeMashup=""
         lastModifiedDate="2021-10-05T11:22:31.196Z"
         name="KBSendReportsAdminMashupTWXV8"
         projectName=""
         rows="0.0"
         tags="">
            <avatar></avatar>
            <DesignTimePermissions>
                <Create></Create>
                <Read></Read>
                <Update></Update>
                <Delete></Delete>
                <Metadata></Metadata>
            </DesignTimePermissions>
            <RunTimePermissions>
                <Permissions
                 resourceName="*">
                    <PropertyRead>
                        <Principal
                         isPermitted="true"
                         name="KBMashupPDFMailReportAdminGroup"
                         type="Group"></Principal>
                    </PropertyRead>
                    <PropertyWrite>
                        <Principal
                         isPermitted="true"
                         name="KBMashupPDFMailReportAdminGroup"
                         type="Group"></Principal>
                    </PropertyWrite>
                    <ServiceInvoke>
                        <Principal
                         isPermitted="true"
                         name="KBMashupPDFMailReportAdminGroup"
                         type="Group"></Principal>
                    </ServiceInvoke>
                    <EventInvoke></EventInvoke>
                    <EventSubscribe></EventSubscribe>
                </Permissions>
            </RunTimePermissions>
            <VisibilityPermissions>
                <Visibility>
                    <Principal
                     isPermitted="true"
                     name="KBOrganization"
                     type="Organization"></Principal>
                </Visibility>
            </VisibilityPermissions>
            <ConfigurationTableDefinitions></ConfigurationTableDefinitions>
            <ConfigurationTables>
                <ConfigurationTable
                 dataShapeName=""
                 description="Mashup Mobile Settings"
                 isHidden="true"
                 isMultiRow="false"
                 name="MobileSettings"
                 ordinal="0">
                    <DataShape>
                        <FieldDefinitions>
                            <FieldDefinition
                             aspect.defaultValue="false"
                             baseType="BOOLEAN"
                             description=""
                             name="disableZoom"
                             ordinal="0"></FieldDefinition>
                            <FieldDefinition
                             aspect.defaultValue="true"
                             baseType="BOOLEAN"
                             description=""
                             name="fullScreenMode"
                             ordinal="0"></FieldDefinition>
                            <FieldDefinition
                             baseType="STRING"
                             description=""
                             name="height"
                             ordinal="0"></FieldDefinition>
                            <FieldDefinition
                             aspect.defaultValue="device-height"
                             baseType="STRING"
                             description=""
                             name="heightType"
                             ordinal="0"></FieldDefinition>
                            <FieldDefinition
                             aspect.defaultValue="1.0"
                             baseType="NUMBER"
                             description=""
                             name="initialScale"
                             ordinal="0"></FieldDefinition>
                            <FieldDefinition
                             baseType="STRING"
                             description=""
                             name="iosShortcutIconTitle"
                             ordinal="0"></FieldDefinition>
                            <FieldDefinition
                             aspect.defaultValue="black-translucent"
                             baseType="STRING"
                             description=""
                             name="iosStatusBarAppearance"
                             ordinal="0"></FieldDefinition>
                            <FieldDefinition
                             aspect.defaultValue="10.0"
                             baseType="NUMBER"
                             description=""
                             name="maximumScale"
                             ordinal="0"></FieldDefinition>
                            <FieldDefinition
                             aspect.defaultValue="0.1"
                             baseType="NUMBER"
                             description=""
                             name="minimumScale"
                             ordinal="0"></FieldDefinition>
                            <FieldDefinition
                             baseType="STRING"
                             description=""
                             name="width"
                             ordinal="0"></FieldDefinition>
                            <FieldDefinition
                             aspect.defaultValue="device-width"
                             baseType="STRING"
                             description=""
                             name="widthType"
                             ordinal="0"></FieldDefinition>
                        </FieldDefinitions>
                    </DataShape>
                    <Rows>
                        <Row>
                            <disableZoom>false</disableZoom>
                            <fullScreenMode>true</fullScreenMode>
                            <height></height>
                            <heightType>
                            <![CDATA[
                            device-height
                            ]]>
                            </heightType>
                            <initialScale>1.0</initialScale>
                            <iosShortcutIconTitle></iosShortcutIconTitle>
                            <iosStatusBarAppearance>
                            <![CDATA[
                            black-translucent
                            ]]>
                            </iosStatusBarAppearance>
                            <maximumScale>10.0</maximumScale>
                            <minimumScale>0.1</minimumScale>
                            <width></width>
                            <widthType>
                            <![CDATA[
                            device-width
                            ]]>
                            </widthType>
                        </Row>
                    </Rows>
                </ConfigurationTable>
            </ConfigurationTables>
            <ParameterDefinitions></ParameterDefinitions>
            <Things>
                <Thing>KbSendReportDatatable</Thing>
            </Things>
            <ThingShapes></ThingShapes>
            <ThingTemplates></ThingTemplates>
            <mashupContent>
            <![CDATA[
            {
              "CustomMashupCss" : "",
              "Data" : {
                "Session" : {
                  "DataName" : "Session",
                  "EntityName" : "",
                  "EntityType" : "Session",
                  "Id" : "session",
                  "Services" : [ {
                    "APIMethod" : "post",
                    "Characteristic" : "Services",
                    "Id" : "SessionInterface",
                    "Name" : "GetGlobalSessionValues",
                    "Parameters" : { },
                    "RefreshInterval" : 0,
                    "Target" : "GetGlobalSessionValues"
                  } ]
                },
                "Things_KbSendReportDatatable" : {
                  "DataName" : "Things_KbSendReportDatatable",
                  "EntityName" : "KbSendReportDatatable",
                  "EntityType" : "Things",
                  "Id" : "c1ade00a-d1db-4726-b1e9-00ddef956f72",
                  "Services" : [ {
                    "APIMethod" : "post",
                    "Characteristic" : "Services",
                    "Id" : "fe4c59c5-4e34-4d11-b6eb-743d6607b5de",
                    "Name" : "GetDataTableEntries",
                    "Parameters" : { },
                    "RefreshInterval" : 0,
                    "Target" : "GetDataTableEntries"
                  }, {
                    "APIMethod" : "post",
                    "Characteristic" : "Services",
                    "Id" : "d9ac42ad-5c7c-4585-94ac-fd8441603f4d",
                    "Name" : "DeleteDataTableEntry",
                    "Parameters" : { },
                    "RefreshInterval" : 0,
                    "Target" : "DeleteDataTableEntry"
                  } ]
                },
                "UserExtensions" : {
                  "DataName" : "UserExtensions",
                  "EntityName" : "",
                  "EntityType" : "UserExtensions",
                  "Id" : "UserExtensions",
                  "Services" : [ {
                    "APIMethod" : "post",
                    "Characteristic" : "Services",
                    "Id" : "UserExtensionInterface",
                    "Name" : "GetCurrentUserExtensionProperties",
                    "Parameters" : { },
                    "RefreshInterval" : 0,
                    "Target" : "GetCurrentUserExtensionProperties"
                  } ]
                }
              },
              "DataBindings" : [ {
                "Id" : "aa3359ba-6eb2-4282-bd24-1bcc8707fa98",
                "PropertyMaps" : [ {
                  "SourceProperty" : "",
                  "SourcePropertyBaseType" : "INFOTABLE",
                  "SourcePropertyType" : "InfoTable",
                  "TargetProperty" : "Data",
                  "TargetPropertyBaseType" : "INFOTABLE",
                  "TargetPropertyType" : "property"
                } ],
                "SourceArea" : "Data",
                "SourceDetails" : "AllData",
                "SourceId" : "GetDataTableEntries",
                "SourceSection" : "Things_KbSendReportDatatable",
                "TargetArea" : "UI",
                "TargetId" : "gridadvanced-9",
                "TargetSection" : ""
              }, {
                "Id" : "714bb2e3-c2a0-4679-ac77-cda6a8befe40",
                "PropertyMaps" : [ {
                  "SourceProperty" : "SelectedRows",
                  "SourcePropertyBaseType" : "INFOTABLE",
                  "TargetProperty" : "values",
                  "TargetPropertyBaseType" : "INFOTABLE",
                  "TargetPropertyType" : "Parameter"
                } ],
                "SourceArea" : "UI",
                "SourceId" : "gridadvanced-9",
                "SourceSection" : "",
                "TargetArea" : "Data",
                "TargetId" : "DeleteDataTableEntry",
                "TargetSection" : "Things_KbSendReportDatatable"
              }, {
                "Id" : "4443e246-4bcd-4628-8ead-54ea113fe38e",
                "PropertyMaps" : [ {
                  "SourceProperty" : "Name",
                  "SourcePropertyBaseType" : "STRING",
                  "SourcePropertyType" : "Field",
                  "TargetProperty" : "AttachmentName",
                  "TargetPropertyBaseType" : "STRING",
                  "TargetPropertyType" : "property"
                } ],
                "SourceArea" : "Data",
                "SourceDetails" : "SelectedRows",
                "SourceId" : "GetDataTableEntries",
                "SourceSection" : "Things_KbSendReportDatatable",
                "TargetArea" : "UI",
                "TargetId" : "navigation-11",
                "TargetSection" : ""
              }, {
                "Id" : "778f010d-007d-47c0-8146-389475ae9467",
                "PropertyMaps" : [ {
                  "SourceProperty" : "Frequency",
                  "SourcePropertyBaseType" : "NUMBER",
                  "SourcePropertyType" : "Field",
                  "TargetProperty" : "Frequency",
                  "TargetPropertyBaseType" : "STRING",
                  "TargetPropertyType" : "property"
                } ],
                "SourceArea" : "Data",
                "SourceDetails" : "SelectedRows",
                "SourceId" : "GetDataTableEntries",
                "SourceSection" : "Things_KbSendReportDatatable",
                "TargetArea" : "UI",
                "TargetId" : "navigation-11",
                "TargetSection" : ""
              }, {
                "Id" : "4c6645f1-a740-4371-af42-585d04287b91",
                "PropertyMaps" : [ {
                  "SourceProperty" : "InternalUserGroup",
                  "SourcePropertyBaseType" : "STRING",
                  "SourcePropertyType" : "Field",
                  "TargetProperty" : "InternalUserGroup",
                  "TargetPropertyBaseType" : "STRING",
                  "TargetPropertyType" : "property"
                } ],
                "SourceArea" : "Data",
                "SourceDetails" : "SelectedRows",
                "SourceId" : "GetDataTableEntries",
                "SourceSection" : "Things_KbSendReportDatatable",
                "TargetArea" : "UI",
                "TargetId" : "navigation-11",
                "TargetSection" : ""
              }, {
                "Id" : "4588b132-cc69-42c5-b18b-77c46723190c",
                "PropertyMaps" : [ {
                  "SourceProperty" : "MailSubject",
                  "SourcePropertyBaseType" : "TEXT",
                  "SourcePropertyType" : "Field",
                  "TargetProperty" : "MailSubject",
                  "TargetPropertyBaseType" : "TEXT",
                  "TargetPropertyType" : "property"
                } ],
                "SourceArea" : "Data",
                "SourceDetails" : "SelectedRows",
                "SourceId" : "GetDataTableEntries",
                "SourceSection" : "Things_KbSendReportDatatable",
                "TargetArea" : "UI",
                "TargetId" : "navigation-11",
                "TargetSection" : ""
              }, {
                "Id" : "18118386-b1de-4693-b8a8-21cb84ffd53f",
                "PropertyMaps" : [ {
                  "SourceProperty" : "MailText",
                  "SourcePropertyBaseType" : "TEXT",
                  "SourcePropertyType" : "Field",
                  "TargetProperty" : "MailText",
                  "TargetPropertyBaseType" : "TEXT",
                  "TargetPropertyType" : "property"
                } ],
                "SourceArea" : "Data",
                "SourceDetails" : "SelectedRows",
                "SourceId" : "GetDataTableEntries",
                "SourceSection" : "Things_KbSendReportDatatable",
                "TargetArea" : "UI",
                "TargetId" : "navigation-11",
                "TargetSection" : ""
              }, {
                "Id" : "a7b91845-ed0e-4c6e-b6dd-c9568dcc4f03",
                "PropertyMaps" : [ {
                  "SourceProperty" : "RecipientUsers",
                  "SourcePropertyBaseType" : "INFOTABLE",
                  "SourcePropertyType" : "Field",
                  "TargetProperty" : "RecipientUsers",
                  "TargetPropertyBaseType" : "INFOTABLE",
                  "TargetPropertyType" : "property"
                } ],
                "SourceArea" : "Data",
                "SourceDetails" : "SelectedRows",
                "SourceId" : "GetDataTableEntries",
                "SourceSection" : "Things_KbSendReportDatatable",
                "TargetArea" : "UI",
                "TargetId" : "navigation-11",
                "TargetSection" : ""
              }, {
                "Id" : "dc872df4-faa6-485e-826b-88a92258dbcd",
                "PropertyMaps" : [ {
                  "SourceProperty" : "URL",
                  "SourcePropertyBaseType" : "STRING",
                  "SourcePropertyType" : "Field",
                  "TargetProperty" : "URL",
                  "TargetPropertyBaseType" : "HYPERLINK",
                  "TargetPropertyType" : "property"
                } ],
                "SourceArea" : "Data",
                "SourceDetails" : "SelectedRows",
                "SourceId" : "GetDataTableEntries",
                "SourceSection" : "Things_KbSendReportDatatable",
                "TargetArea" : "UI",
                "TargetId" : "navigation-11",
                "TargetSection" : ""
              } ],
              "DesignTimePermissions" : {
                "Create" : [ ],
                "Delete" : [ ],
                "Metadata" : [ ],
                "Read" : [ ],
                "Update" : [ ]
              },
              "Events" : [ {
                "EventHandlerArea" : "UI",
                "EventHandlerId" : "navigation-10",
                "EventHandlerService" : "Navigate",
                "EventTriggerArea" : "UI",
                "EventTriggerEvent" : "Clicked",
                "EventTriggerId" : "button-7",
                "EventTriggerSection" : "",
                "Id" : "17c78f1f-91e7-49da-9158-bad77b957962"
              }, {
                "EventHandlerArea" : "Mashup",
                "EventHandlerId" : "mashup-root",
                "EventHandlerService" : "Refresh",
                "EventTriggerArea" : "UI",
                "EventTriggerEvent" : "PopupClosed",
                "EventTriggerId" : "navigation-10",
                "EventTriggerSection" : "",
                "Id" : "68f40e38-0b71-4f68-a4ad-098180df7085"
              }, {
                "EventHandlerArea" : "Mashup",
                "EventHandlerId" : "mashup-root",
                "EventHandlerService" : "Refresh",
                "EventTriggerArea" : "UI",
                "EventTriggerEvent" : "PopupClosed",
                "EventTriggerId" : "navigation-11",
                "EventTriggerSection" : "",
                "Id" : "e4c67a99-c7d4-4ae5-bd24-972c5ed5e9bd"
              }, {
                "EventHandlerArea" : "UI",
                "EventHandlerId" : "expression-12",
                "EventHandlerService" : "Evaluate",
                "EventTriggerArea" : "UI",
                "EventTriggerEvent" : "DoubleClicked",
                "EventTriggerId" : "gridadvanced-9",
                "EventTriggerSection" : "",
                "Id" : "d4b553d8-ef93-4d30-bc80-f2a2159b6989"
              }, {
                "EventHandlerArea" : "Data",
                "EventHandlerId" : "Things_KbSendReportDatatable",
                "EventHandlerService" : "GetDataTableEntries",
                "EventTriggerArea" : "Mashup",
                "EventTriggerEvent" : "Loaded",
                "EventTriggerId" : "mashup-root",
                "EventTriggerSection" : "",
                "Id" : "5ee4336c-887b-4431-b051-80636b8597cd"
              }, {
                "EventHandlerArea" : "Data",
                "EventHandlerId" : "Things_KbSendReportDatatable",
                "EventHandlerService" : "DeleteDataTableEntry",
                "EventTriggerArea" : "UI",
                "EventTriggerEvent" : "Clicked",
                "EventTriggerId" : "button-8",
                "EventTriggerSection" : "",
                "Id" : "8d2ac7c7-4c94-4c7b-afa9-0656c6f283f9"
              }, {
                "EventHandlerArea" : "Mashup",
                "EventHandlerId" : "mashup-root",
                "EventHandlerService" : "Refresh",
                "EventTriggerArea" : "Data",
                "EventTriggerEvent" : "ServiceInvokeCompleted",
                "EventTriggerId" : "DeleteDataTableEntry",
                "EventTriggerSection" : "Things_KbSendReportDatatable",
                "Id" : "31279d6c-4ca9-4205-9e93-18cea0002548"
              }, {
                "EventHandlerArea" : "Data",
                "EventHandlerId" : "Things_KbSendReportDatatable",
                "EventHandlerService" : "GetDataTableEntries",
                "EventTriggerArea" : "Mashup",
                "EventTriggerEvent" : "RefreshRequested",
                "EventTriggerId" : "mashup-root",
                "EventTriggerSection" : "",
                "Id" : "0c5f6d7f-5581-4ffe-bbdf-60ffea0dc77b"
              }, {
                "EventHandlerArea" : "UI",
                "EventHandlerId" : "navigation-11",
                "EventHandlerService" : "Navigate",
                "EventTriggerArea" : "UI",
                "EventTriggerEvent" : "Clicked",
                "EventTriggerId" : "button-13",
                "EventTriggerSection" : "",
                "Id" : "9feac759-4e77-41c8-a419-597cb8289bb3"
              } ],
              "RunTimePermissions" : {
                "permissions" : [ ]
              },
              "UI" : {
                "Properties" : {
                  "AddToDashboardButton" : "SimplePlus",
                  "AddToDashboardButtonStyle" : "DefaultAddToDashboardButtonStyle",
                  "Area" : "Mashup",
                  "BGImage" : "",
                  "BGImageRepeat" : "no-repeat",
                  "BGImageSize" : "auto",
                  "Columns" : 0,
                  "ConfigureGadgetButton" : "SimpleGear",
                  "ConfigureGadgetButtonStyle" : "DefaultConfigureGadgetButtonStyle",
                  "DisplayName" : "Mashup",
                  "EnableParameterEditing" : false,
                  "Height" : 618,
                  "Id" : "mashup-root",
                  "IgnoreWarningsInViewMashup" : false,
                  "IsPrintLayout" : false,
                  "Left" : 0,
                  "MashupToEditGadget" : "DefaultMashupToEditGadget",
                  "Master" : "KBSmartProductionMaster1Mashup",
                  "MinHeight" : 0,
                  "MinWidth" : 0,
                  "ResponsiveLayout" : true,
                  "Rows" : 0,
                  "ShowDataLoading" : true,
                  "Style" : "DefaultMashupStyle",
                  "StyleTheme" : "Base Theme",
                  "Title" : "",
                  "TitleBar" : false,
                  "TitleBarStyle" : "DefaultTitleBarStyle",
                  "TitleBarText" : "Gadget Title Here",
                  "Top" : 0,
                  "Type" : "mashup",
                  "UseTheme" : false,
                  "UseThemeForHybrids" : false,
                  "Visible" : true,
                  "Width" : 1024,
                  "Z-index" : 10,
                  "__TypeDisplayName" : "Mashup",
                  "id_index" : 13,
                  "supportsAutoResize" : true
                },
                "Widgets" : [ {
                  "Properties" : {
                    "Area" : "UI",
                    "Columns" : 0,
                    "DisplayName" : "layout-2",
                    "Footer" : false,
                    "FooterHeight" : 0,
                    "Header" : true,
                    "HeaderHeight" : 100,
                    "Id" : "layout-2",
                    "IncludeSpacingInFixedAreas" : false,
                    "IsPrintLayout" : false,
                    "Left" : 285,
                    "LeftSidebar" : false,
                    "LeftSidebarWidth" : 0,
                    "Orientation" : "vertical",
                    "PctColumn1" : 50,
                    "PctColumn2" : 50,
                    "PctColumn3" : 1,
                    "PctColumn4" : 1,
                    "PctColumn5" : 1,
                    "PctColumn6" : 1,
                    "PctColumn7" : 1,
                    "PctColumn8" : 1,
                    "PctRow1" : 100,
                    "PctRow2" : 0,
                    "PctRow3" : 0,
                    "PctRow4" : 0,
                    "PctRow5" : 0,
                    "PctRow6" : 0,
                    "PctRow7" : 0,
                    "PctRow8" : 0,
                    "PrintMarginLeftRight" : 0.5,
                    "PrintMarginTopBottom" : 0.5,
                    "PrintWidth" : 650,
                    "ResponsiveLayout" : true,
                    "RightSidebar" : false,
                    "RightSidebarWidth" : 0,
                    "Rows" : 1,
                    "ShowDataLoading" : true,
                    "Spacing" : 2,
                    "Top" : 90,
                    "Type" : "layout",
                    "Visible" : true,
                    "Z-index" : 10,
                    "__TypeDisplayName" : "Layout"
                  },
                  "Widgets" : [ {
                    "Properties" : {
                      "AnimateExpandCollapse" : true,
                      "Area" : "UI",
                      "BGImageRepeat" : "no-repeat",
                      "BGImageSize" : "auto",
                      "DisplayName" : "Header",
                      "ExpandCollapseTabLocation" : "outside",
                      "Expanded" : true,
                      "Id" : "container-3",
                      "MinHeight" : 0,
                      "MinWidth" : 0,
                      "Overlay" : false,
                      "OverlayIsTransparent" : false,
                      "ResponsiveLayout" : true,
                      "ShowDataLoading" : true,
                      "ShowExpandCollapseTab" : false,
                      "Style" : "DefaultContainerStyle",
                      "TabCollapseStyle" : "DefaultTabCollapseStyle",
                      "TabExpandStyle" : "DefaultTabExpandStyle",
                      "TabHeight" : 36,
                      "TabLocation" : "center",
                      "TabOffset" : 0,
                      "TabWidth" : 36,
                      "Type" : "container",
                      "Visible" : true,
                      "Z-index" : 10,
                      "__TypeDisplayName" : "Container",
                      "userCannotRemove" : true
                    },
                    "Widgets" : [ {
                      "Properties" : {
                        "Area" : "UI",
                        "DisplayName" : "panel-5",
                        "Height" : 200,
                        "HideScrollbars" : false,
                        "HorizontalAnchor" : "left",
                        "Id" : "panel-5",
                        "Left" : 40,
                        "ResponsiveLayout" : true,
                        "ShowDataLoading" : true,
                        "Style" : "DefaultPanelStyle",
                        "Top" : 15,
                        "Type" : "panel",
                        "VerticalAnchor" : "top",
                        "Visible" : true,
                        "Width" : 300,
                        "Z-index" : 10,
                        "__TypeDisplayName" : "Panel"
                      },
                      "Widgets" : [ {
                        "Properties" : {
                          "Alignment" : "left",
                          "AllowEllipsis" : false,
                          "Area" : "UI",
                          "DisplayName" : "label-6",
                          "Height" : 27,
                          "Id" : "label-6",
                          "Left" : 40,
                          "ResponsiveLayout" : false,
                          "ShowDataLoading" : true,
                          "Style" : "DefaultLabelStyle",
                          "Text" : "KB Reports Admin",
                          "ToolTipField" : "",
                          "ToolTipStyle" : "DefaultTooltipStyle",
                          "Top" : 15,
                          "Type" : "label",
                          "Visible" : true,
                          "Width" : 140,
                          "Z-index" : 10,
                          "__TypeDisplayName" : "Label",
                          "__supportsTooltip" : true
                        },
                        "Widgets" : [ ]
                      }, {
                        "Properties" : {
                          "ActiveStyle" : "DefaultButtonActiveStyle",
                          "Area" : "UI",
                          "CancelConfirmationButton" : "button2",
                          "ConfirmationButton1Label" : "Yes",
                          "ConfirmationButton2Label" : "No",
                          "ConfirmationPrompt" : "Do Action?",
                          "ConfirmationRequired" : false,
                          "ConfirmationTitle" : "Confirm Action",
                          "ContextId" : "",
                          "DefaultConfirmationButton" : "button1",
                          "Disabled" : false,
                          "DisabledStyle" : "DefaultButtonDisabledStyle",
                          "DisplayName" : "button-7",
                          "FocusStyle" : "DefaultButtonFocusStyle",
                          "Height" : 30,
                          "HoverStyle" : "DefaultButtonHoverStyle",
                          "IconAlignment" : "left",
                          "Id" : "button-7",
                          "Label" : "Add",
                          "Left" : 245,
                          "ResponsiveLayout" : false,
                          "RoundedCorners" : true,
                          "ShowDataLoading" : true,
                          "SingleClickSelectOnTablets" : true,
                          "Style" : "DefaultButtonStyle",
                          "TabSequence" : 0,
                          "ToolTipField" : "",
                          "ToolTipStyle" : "DefaultTooltipStyle",
                          "Top" : 35,
                          "Type" : "button",
                          "Visible" : true,
                          "Width" : 75,
                          "Z-index" : 10,
                          "__TypeDisplayName" : "Button",
                          "__supportsTooltip" : true
                        },
                        "Widgets" : [ ]
                      }, {
                        "Properties" : {
                          "ActiveStyle" : "DefaultButtonActiveStyle",
                          "Area" : "UI",
                          "CancelConfirmationButton" : "button2",
                          "ConfirmationButton1Label" : "Yes",
                          "ConfirmationButton2Label" : "No",
                          "ConfirmationPrompt" : "Do Action?",
                          "ConfirmationRequired" : false,
                          "ConfirmationTitle" : "Confirm Action",
                          "ContextId" : "",
                          "DefaultConfirmationButton" : "button1",
                          "Disabled" : false,
                          "DisabledStyle" : "DefaultButtonDisabledStyle",
                          "DisplayName" : "button-8",
                          "FocusStyle" : "DefaultButtonFocusStyle",
                          "Height" : 30,
                          "HoverStyle" : "DefaultButtonHoverStyle",
                          "IconAlignment" : "left",
                          "Id" : "button-8",
                          "Label" : "Delete",
                          "Left" : 350,
                          "ResponsiveLayout" : false,
                          "RoundedCorners" : true,
                          "ShowDataLoading" : true,
                          "SingleClickSelectOnTablets" : true,
                          "Style" : "DefaultButtonStyle",
                          "TabSequence" : 0,
                          "ToolTipField" : "",
                          "ToolTipStyle" : "DefaultTooltipStyle",
                          "Top" : 35,
                          "Type" : "button",
                          "Visible" : true,
                          "Width" : 75,
                          "Z-index" : 10,
                          "__TypeDisplayName" : "Button",
                          "__supportsTooltip" : true
                        },
                        "Widgets" : [ ]
                      }, {
                        "Properties" : {
                          "Alignment" : "left",
                          "Area" : "UI",
                          "ClickOutsideToClose" : false,
                          "DisplayName" : "navigation-10",
                          "FixedPopupHeight" : 0,
                          "FixedPopupWidth" : 0,
                          "Height" : 30,
                          "Icon" : "",
                          "IconAlignment" : "left",
                          "Id" : "navigation-10",
                          "Left" : 550,
                          "MashupName" : "KBAddOrUpdateSendingReportDataMashupTWXV8",
                          "MashupParameters" : [ {
                            "BaseType" : "STRING",
                            "Description" : "",
                            "ParameterName" : "InternalUserGroup",
                            "ParmDef" : {
                              "aspects" : {
                                "bindingDirection" : "BOTH",
                                "isMandatory" : "false",
                                "ordinal" : "8"
                              },
                              "baseType" : "STRING",
                              "description" : "",
                              "name" : "InternalUserGroup",
                              "ordinal" : 0
                            }
                          }, {
                            "BaseType" : "TEXT",
                            "Description" : "",
                            "ParameterName" : "MailSubject",
                            "ParmDef" : {
                              "aspects" : {
                                "bindingDirection" : "BOTH",
                                "isMandatory" : "false",
                                "ordinal" : "1"
                              },
                              "baseType" : "TEXT",
                              "description" : "",
                              "name" : "MailSubject",
                              "ordinal" : 0
                            }
                          }, {
                            "BaseType" : "STRING",
                            "Description" : "",
                            "ParameterName" : "AttachmentName",
                            "ParmDef" : {
                              "aspects" : {
                                "bindingDirection" : "BOTH",
                                "isMandatory" : "false",
                                "ordinal" : "3"
                              },
                              "baseType" : "STRING",
                              "description" : "",
                              "name" : "AttachmentName",
                              "ordinal" : 0
                            }
                          }, {
                            "BaseType" : "INFOTABLE",
                            "Description" : "",
                            "ParameterName" : "RecipientUsers",
                            "ParmDef" : {
                              "aspects" : {
                                "bindingDirection" : "BOTH",
                                "dataShape" : "GroupMember",
                                "isMandatory" : "false",
                                "ordinal" : "7"
                              },
                              "baseType" : "INFOTABLE",
                              "description" : "",
                              "name" : "RecipientUsers",
                              "ordinal" : 0
                            }
                          }, {
                            "BaseType" : "STRING",
                            "Description" : "",
                            "ParameterName" : "Frequency",
                            "ParmDef" : {
                              "aspects" : {
                                "bindingDirection" : "BOTH",
                                "isMandatory" : "false",
                                "ordinal" : "5"
                              },
                              "baseType" : "STRING",
                              "description" : "",
                              "name" : "Frequency",
                              "ordinal" : 0
                            }
                          }, {
                            "BaseType" : "TEXT",
                            "Description" : "",
                            "ParameterName" : "MailText",
                            "ParmDef" : {
                              "aspects" : {
                                "bindingDirection" : "BOTH",
                                "isMandatory" : "false",
                                "ordinal" : "2"
                              },
                              "baseType" : "TEXT",
                              "description" : "",
                              "name" : "MailText",
                              "ordinal" : 0
                            }
                          }, {
                            "BaseType" : "STRING",
                            "Description" : "",
                            "ParameterName" : "RecipientMailAddress",
                            "ParmDef" : {
                              "aspects" : {
                                "bindingDirection" : "BOTH",
                                "isMandatory" : "false",
                                "ordinal" : "6"
                              },
                              "baseType" : "STRING",
                              "description" : "",
                              "name" : "RecipientMailAddress",
                              "ordinal" : 0
                            }
                          }, {
                            "BaseType" : "HYPERLINK",
                            "Description" : "",
                            "ParameterName" : "URL",
                            "ParmDef" : {
                              "aspects" : {
                                "bindingDirection" : "BOTH",
                                "isMandatory" : "false",
                                "ordinal" : "4"
                              },
                              "baseType" : "HYPERLINK",
                              "description" : "",
                              "name" : "URL",
                              "ordinal" : 0
                            }
                          }, {
                            "BaseType" : "STRING",
                            "Description" : "",
                            "ParameterName" : "UserGroup",
                            "ParmDef" : {
                              "aspects" : {
                                "bindingDirection" : "BOTH",
                                "isMandatory" : "false",
                                "ordinal" : "0"
                              },
                              "baseType" : "STRING",
                              "description" : "",
                              "name" : "UserGroup",
                              "ordinal" : 0
                            }
                          } ],
                          "MessageToShow" : "Mashup must be selected",
                          "ModalPopupOpacity" : 0.5,
                          "NavigationActiveStyle" : "DefaultNavigationActiveStyle",
                          "NavigationFocusStyle" : "DefaultNavigationFocusStyle",
                          "NavigationHoverStyle" : "DefaultNavigationHoverStyle",
                          "PopupScrolling" : "auto",
                          "PopupTitle" : "",
                          "PopupTitleStyle" : "DefaultPopupTitleStyle",
                          "ReloadOnReplace" : false,
                          "ResponsiveLayout" : false,
                          "RoundedCorners" : true,
                          "ShowCloseButton" : true,
                          "ShowDataLoading" : true,
                          "ShowMessageIfNoMashup" : false,
                          "SingleClickSelectOnTablets" : true,
                          "Style" : "DefaultNavigationStyle",
                          "TabSequence" : 0,
                          "TargetWindow" : "modal-popup",
                          "Text" : "Mashup Link",
                          "ToolTipField" : "",
                          "ToolTipStyle" : "DefaultTooltipStyle",
                          "Top" : 50,
                          "Transparent" : false,
                          "Type" : "navigation",
                          "UseTheme" : false,
                          "Visible" : false,
                          "Width" : 200,
                          "Z-index" : 10,
                          "__TypeDisplayName" : "Navigation",
                          "__supportsTooltip" : true
                        },
                        "Widgets" : [ ]
                      }, {
                        "Properties" : {
                          "Alignment" : "left",
                          "Area" : "UI",
                          "ClickOutsideToClose" : false,
                          "DisplayName" : "navigation-11",
                          "FixedPopupHeight" : 0,
                          "FixedPopupWidth" : 0,
                          "Height" : 30,
                          "Icon" : "",
                          "IconAlignment" : "left",
                          "Id" : "navigation-11",
                          "Left" : 695,
                          "MashupName" : "KBAddOrUpdateSendingReportDataMashupTWXV8",
                          "MashupParameters" : [ {
                            "BaseType" : "STRING",
                            "Description" : "",
                            "ParameterName" : "InternalUserGroup",
                            "ParmDef" : {
                              "aspects" : {
                                "bindingDirection" : "BOTH",
                                "isMandatory" : "false",
                                "ordinal" : "8"
                              },
                              "baseType" : "STRING",
                              "description" : "",
                              "name" : "InternalUserGroup",
                              "ordinal" : 0
                            }
                          }, {
                            "BaseType" : "TEXT",
                            "Description" : "",
                            "ParameterName" : "MailSubject",
                            "ParmDef" : {
                              "aspects" : {
                                "bindingDirection" : "BOTH",
                                "isMandatory" : "false",
                                "ordinal" : "1"
                              },
                              "baseType" : "TEXT",
                              "description" : "",
                              "name" : "MailSubject",
                              "ordinal" : 0
                            }
                          }, {
                            "BaseType" : "STRING",
                            "Description" : "",
                            "ParameterName" : "AttachmentName",
                            "ParmDef" : {
                              "aspects" : {
                                "bindingDirection" : "BOTH",
                                "isMandatory" : "false",
                                "ordinal" : "3"
                              },
                              "baseType" : "STRING",
                              "description" : "",
                              "name" : "AttachmentName",
                              "ordinal" : 0
                            }
                          }, {
                            "BaseType" : "INFOTABLE",
                            "Description" : "",
                            "ParameterName" : "RecipientUsers",
                            "ParmDef" : {
                              "aspects" : {
                                "bindingDirection" : "BOTH",
                                "dataShape" : "GroupMember",
                                "isMandatory" : "false",
                                "ordinal" : "7"
                              },
                              "baseType" : "INFOTABLE",
                              "description" : "",
                              "name" : "RecipientUsers",
                              "ordinal" : 0
                            }
                          }, {
                            "BaseType" : "STRING",
                            "Description" : "",
                            "ParameterName" : "Frequency",
                            "ParmDef" : {
                              "aspects" : {
                                "bindingDirection" : "BOTH",
                                "isMandatory" : "false",
                                "ordinal" : "5"
                              },
                              "baseType" : "STRING",
                              "description" : "",
                              "name" : "Frequency",
                              "ordinal" : 0
                            }
                          }, {
                            "BaseType" : "TEXT",
                            "Description" : "",
                            "ParameterName" : "MailText",
                            "ParmDef" : {
                              "aspects" : {
                                "bindingDirection" : "BOTH",
                                "isMandatory" : "false",
                                "ordinal" : "2"
                              },
                              "baseType" : "TEXT",
                              "description" : "",
                              "name" : "MailText",
                              "ordinal" : 0
                            }
                          }, {
                            "BaseType" : "STRING",
                            "Description" : "",
                            "ParameterName" : "RecipientMailAddress",
                            "ParmDef" : {
                              "aspects" : {
                                "bindingDirection" : "BOTH",
                                "isMandatory" : "false",
                                "ordinal" : "6"
                              },
                              "baseType" : "STRING",
                              "description" : "",
                              "name" : "RecipientMailAddress",
                              "ordinal" : 0
                            }
                          }, {
                            "BaseType" : "HYPERLINK",
                            "Description" : "",
                            "ParameterName" : "URL",
                            "ParmDef" : {
                              "aspects" : {
                                "bindingDirection" : "BOTH",
                                "isMandatory" : "false",
                                "ordinal" : "4"
                              },
                              "baseType" : "HYPERLINK",
                              "description" : "",
                              "name" : "URL",
                              "ordinal" : 0
                            }
                          }, {
                            "BaseType" : "STRING",
                            "Description" : "",
                            "ParameterName" : "UserGroup",
                            "ParmDef" : {
                              "aspects" : {
                                "bindingDirection" : "BOTH",
                                "isMandatory" : "false",
                                "ordinal" : "0"
                              },
                              "baseType" : "STRING",
                              "description" : "",
                              "name" : "UserGroup",
                              "ordinal" : 0
                            }
                          } ],
                          "MessageToShow" : "Mashup must be selected",
                          "ModalPopupOpacity" : 0.5,
                          "NavigationActiveStyle" : "DefaultNavigationActiveStyle",
                          "NavigationFocusStyle" : "DefaultNavigationFocusStyle",
                          "NavigationHoverStyle" : "DefaultNavigationHoverStyle",
                          "PopupScrolling" : "auto",
                          "PopupTitle" : "",
                          "PopupTitleStyle" : "DefaultPopupTitleStyle",
                          "ReloadOnReplace" : false,
                          "ResponsiveLayout" : false,
                          "RoundedCorners" : true,
                          "ShowCloseButton" : true,
                          "ShowDataLoading" : true,
                          "ShowMessageIfNoMashup" : false,
                          "SingleClickSelectOnTablets" : true,
                          "Style" : "DefaultNavigationStyle",
                          "TabSequence" : 0,
                          "TargetWindow" : "modal-popup",
                          "Text" : "Mashup Link",
                          "ToolTipField" : "",
                          "ToolTipStyle" : "DefaultTooltipStyle",
                          "Top" : 15,
                          "Transparent" : false,
                          "Type" : "navigation",
                          "UseTheme" : false,
                          "Visible" : false,
                          "Width" : 200,
                          "Z-index" : 10,
                          "__TypeDisplayName" : "Navigation",
                          "__supportsTooltip" : true
                        },
                        "Widgets" : [ ]
                      }, {
                        "Properties" : {
                          "ActiveStyle" : "DefaultButtonActiveStyle",
                          "Area" : "UI",
                          "CancelConfirmationButton" : "button2",
                          "ConfirmationButton1Label" : "Yes",
                          "ConfirmationButton2Label" : "No",
                          "ConfirmationPrompt" : "Do Action?",
                          "ConfirmationRequired" : false,
                          "ConfirmationTitle" : "Confirm Action",
                          "ContextId" : "",
                          "DefaultConfirmationButton" : "button1",
                          "Disabled" : false,
                          "DisabledStyle" : "DefaultButtonDisabledStyle",
                          "DisplayName" : "button-13",
                          "FocusStyle" : "DefaultButtonFocusStyle",
                          "Height" : 30,
                          "HoverStyle" : "DefaultButtonHoverStyle",
                          "IconAlignment" : "left",
                          "Id" : "button-13",
                          "Label" : "Edit",
                          "Left" : 445,
                          "ResponsiveLayout" : false,
                          "RoundedCorners" : true,
                          "ShowDataLoading" : true,
                          "SingleClickSelectOnTablets" : true,
                          "Style" : "DefaultButtonStyle",
                          "TabSequence" : 0,
                          "ToolTipField" : "",
                          "ToolTipStyle" : "DefaultTooltipStyle",
                          "Top" : 35,
                          "Type" : "button",
                          "Visible" : true,
                          "Width" : 75,
                          "Z-index" : 10,
                          "__TypeDisplayName" : "Button",
                          "__supportsTooltip" : true
                        },
                        "Widgets" : [ ]
                      } ]
                    } ]
                  }, {
                    "Properties" : {
                      "AnimateExpandCollapse" : true,
                      "Area" : "UI",
                      "BGImageRepeat" : "no-repeat",
                      "BGImageSize" : "auto",
                      "DisplayName" : "Row 1",
                      "ExpandCollapseTabLocation" : "outside",
                      "Expanded" : true,
                      "Id" : "container-4",
                      "MinHeight" : 0,
                      "MinWidth" : 0,
                      "Overlay" : false,
                      "OverlayIsTransparent" : false,
                      "ResponsiveLayout" : true,
                      "ShowDataLoading" : true,
                      "ShowExpandCollapseTab" : false,
                      "Style" : "DefaultContainerStyle",
                      "TabCollapseStyle" : "DefaultTabCollapseStyle",
                      "TabExpandStyle" : "DefaultTabExpandStyle",
                      "TabHeight" : 36,
                      "TabLocation" : "center",
                      "TabOffset" : 0,
                      "TabWidth" : 36,
                      "Type" : "container",
                      "Visible" : true,
                      "Z-index" : 10,
                      "__TypeDisplayName" : "Container",
                      "userCannotRemove" : true
                    },
                    "Widgets" : [ {
                      "Properties" : {
                        "Area" : "UI",
                        "AutoScroll" : true,
                        "CellBorderStyle" : "DefaultGridAdvancedCellBorderStyle",
                        "ColumnFormat" : {
                          "formatInfo" : [ {
                            "Align" : "left",
                            "AllowEdit" : false,
                            "FieldName" : "Name",
                            "FormatOptions" : {
                              "FormatString" : "full",
                              "formatInfo" : {
                                "FieldName" : "",
                                "StateDefinition" : "",
                                "StateDefinitionType" : "fixed",
                                "StateFormats" : [ {
                                  "state" : "",
                                  "stateName" : "fixed"
                                } ]
                              },
                              "renderer" : "STRING",
                              "roundingEnabled" : true
                            },
                            "Title" : "Attachment Name",
                            "Width" : "auto",
                            "headerTextAlignment" : "left",
                            "hidden" : false,
                            "inLayout" : true
                          }, {
                            "Align" : "left",
                            "AllowEdit" : false,
                            "FieldName" : "sourceType",
                            "FormatOptions" : {
                              "FormatString" : "full",
                              "renderer" : "STRING"
                            },
                            "Title" : "sourceType",
                            "ValidationExpression" : "",
                            "ValidationMessage" : "",
                            "Width" : "auto",
                            "hidden" : true,
                            "inLayout" : false
                          }, {
                            "Align" : "left",
                            "AllowEdit" : false,
                            "FieldName" : "location",
                            "FormatOptions" : {
                              "FormatString" : "0.0000",
                              "renderer" : "LOCATION"
                            },
                            "Title" : "location",
                            "ValidationExpression" : "",
                            "ValidationMessage" : "",
                            "Width" : "auto",
                            "hidden" : true,
                            "inLayout" : false
                          }, {
                            "Align" : "left",
                            "AllowEdit" : false,
                            "FieldName" : "MailSubject",
                            "FormatOptions" : {
                              "renderer" : "DEFAULT"
                            },
                            "Title" : "MailSubject",
                            "ValidationExpression" : "",
                            "ValidationMessage" : "",
                            "Width" : "auto",
                            "hidden" : false,
                            "inLayout" : true
                          }, {
                            "Align" : "left",
                            "AllowEdit" : false,
                            "FieldName" : "MailText",
                            "FormatOptions" : {
                              "renderer" : "DEFAULT"
                            },
                            "Title" : "MailText",
                            "ValidationExpression" : "",
                            "ValidationMessage" : "",
                            "Width" : "auto",
                            "hidden" : false,
                            "inLayout" : true
                          }, {
                            "Align" : "left",
                            "AllowEdit" : false,
                            "FieldName" : "source",
                            "FormatOptions" : {
                              "FormatString" : "full",
                              "renderer" : "STRING"
                            },
                            "Title" : "source",
                            "ValidationExpression" : "",
                            "ValidationMessage" : "",
                            "Width" : "auto",
                            "hidden" : true,
                            "inLayout" : false
                          }, {
                            "Align" : "left",
                            "AllowEdit" : false,
                            "FieldName" : "key",
                            "FormatOptions" : {
                              "FormatString" : "full",
                              "renderer" : "STRING"
                            },
                            "Title" : "key",
                            "ValidationExpression" : "",
                            "ValidationMessage" : "",
                            "Width" : "auto",
                            "hidden" : true,
                            "inLayout" : false
                          }, {
                            "Align" : "left",
                            "AllowEdit" : false,
                            "FieldName" : "tags",
                            "FormatOptions" : {
                              "FormatString" : "plain",
                              "renderer" : "TAGS"
                            },
                            "Title" : "tags",
                            "ValidationExpression" : "",
                            "ValidationMessage" : "",
                            "Width" : "auto",
                            "hidden" : true,
                            "inLayout" : false
                          }, {
                            "Align" : "left",
                            "AllowEdit" : false,
                            "FieldName" : "timestamp",
                            "FormatOptions" : {
                              "FormatString" : "[[dateTimeFormat_Default]]",
                              "renderer" : "DATETIME"
                            },
                            "Title" : "timestamp",
                            "ValidationExpression" : "",
                            "ValidationMessage" : "",
                            "Width" : "auto",
                            "hidden" : true,
                            "inLayout" : false
                          }, {
                            "Align" : "left",
                            "AllowEdit" : false,
                            "FieldName" : "URL",
                            "FormatOptions" : {
                              "FormatString" : "full",
                              "formatInfo" : {
                                "FieldName" : "",
                                "StateDefinition" : "",
                                "StateDefinitionType" : "fixed",
                                "StateFormats" : [ {
                                  "state" : "",
                                  "stateName" : "fixed"
                                } ]
                              },
                              "formatText" : "View",
                              "renderer" : "STRING",
                              "roundingEnabled" : true
                            },
                            "Title" : "URL",
                            "Width" : "auto",
                            "headerTextAlignment" : "left",
                            "hidden" : false,
                            "inLayout" : true
                          }, {
                            "Align" : "left",
                            "AllowEdit" : false,
                            "FieldName" : "RecipientMailAddress",
                            "FormatOptions" : {
                              "FormatString" : "full",
                              "renderer" : "STRING"
                            },
                            "Title" : "RecipientMailAddress",
                            "ValidationExpression" : "",
                            "ValidationMessage" : "",
                            "Width" : "auto",
                            "hidden" : false,
                            "inLayout" : true
                          }, {
                            "Align" : "left",
                            "AllowEdit" : false,
                            "FieldName" : "Frequency",
                            "FormatOptions" : {
                              "FormatString" : "0.00",
                              "formatInfo" : {
                                "FieldName" : "",
                                "StateDefinition" : "",
                                "StateDefinitionType" : "fixed",
                                "StateFormats" : [ {
                                  "state" : "",
                                  "stateName" : "fixed"
                                } ]
                              },
                              "renderer" : "NUMBER",
                              "roundingEnabled" : true
                            },
                            "Title" : "Frequency",
                            "Width" : "auto",
                            "headerTextAlignment" : "left",
                            "hidden" : false,
                            "inLayout" : true
                          }, {
                            "Align" : "left",
                            "AllowEdit" : false,
                            "FieldName" : "InternalUserGroup",
                            "FormatOptions" : {
                              "FormatString" : "full",
                              "renderer" : "STRING"
                            },
                            "Title" : "InternalUserGroup",
                            "Width" : "auto",
                            "headerTextAlignment" : "left",
                            "hidden" : true,
                            "inLayout" : true
                          }, {
                            "Align" : "left",
                            "AllowEdit" : false,
                            "FieldName" : "RecipientUsers",
                            "FormatOptions" : {
                              "renderer" : "DEFAULT"
                            },
                            "Title" : "RecipientUsers",
                            "Width" : "auto",
                            "headerTextAlignment" : "left",
                            "hidden" : true,
                            "inLayout" : true
                          } ]
                        },
                        "Configuration" : "",
                        "ConfigurationId" : 6,
                        "CookiePersistence" : true,
                        "DataOverflow" : "clipped",
                        "DataServiceBindingDef" : {
                          "entityName" : "KbSendReportDatatable",
                          "entityType" : "Things",
                          "target" : "GetDataTableEntries"
                        },
                        "DefaultSelectedRows" : "1",
                        "DisplayName" : "gridadvanced-9",
                        "EnableContextMenu" : true,
                        "EnableFilterEventOnConfigChange" : true,
                        "EnableGridReset" : false,
                        "EnableGridSearch" : false,
                        "EnableSorting" : false,
                        "FocusStyle" : "DefaultFocusStyle",
                        "GridResetButtonLocation" : "top-right",
                        "GridSearchLocation" : "top-left",
                        "HeaderOverflow" : "tooltip",
                        "Height" : 200,
                        "IDFieldName" : "id",
                        "Id" : "gridadvanced-9",
                        "IsEditable" : false,
                        "Left" : 210,
                        "MaxHeaderHeight" : 100,
                        "MinRowHeight" : 30,
                        "ResponsiveLayout" : true,
                        "RowAlternateBackgroundStyle" : "DefaultGridAdvancedRowAlternateBackgroundStyle",
                        "RowBackgroundStyle" : "DefaultGridAdvancedRowBackgroundStyle",
                        "RowFormat_StateParameters" : [ ],
                        "RowHoverStyle" : "DefaultGridAdvancedRowHoverStyle",
                        "RowSelectedStyle" : "DefaultGridAdvancedRowSelectedStyle",
                        "RowSelection" : "single",
                        "SelectedRows" : "",
                        "ShowDataLoading" : true,
                        "SortAscendingStyle" : "DefaultSortAscendingStyle",
                        "SortDescendingStyle" : "DefaultSortDescendingStyle",
                        "TableHeaderStyle" : "DefaultGridAdvancedHeaderStyle",
                        "TableWrapperStyle" : "DefaultGridAdvancedWrapperStyle",
                        "ToolbarStyle" : "DefaultToolbarStyle",
                        "TooltipStyle" : "DefaultTooltipStyle",
                        "Top" : 40,
                        "Type" : "gridadvanced",
                        "Visible" : true,
                        "Width" : 400,
                        "Z-index" : 10,
                        "__TypeDisplayName" : "Grid Advanced"
                      },
                      "Widgets" : [ ]
                    } ]
                  } ]
                }, {
                  "Properties" : {
                    "Area" : "UI",
                    "AutoEvaluate" : false,
                    "DataChangeType" : "ALWAYS",
                    "DisplayName" : "FindFrequency",
                    "Expression" : "(input === 1) ? \"Every Hour\" : ((input === 6) ? \"Every 6 Hour\" : ((input === 12) ? \"Every 12 Hour\" : ((input === 24) ? \"Every 24 Hour\":\"NoValue \"  ))) ",
                    "FireOnFirstValue" : false,
                    "Height" : 28,
                    "Id" : "expression-12",
                    "Left" : 0,
                    "OutputBaseType" : "STRING",
                    "ShowDataLoading" : true,
                    "Top" : 0,
                    "Type" : "expression",
                    "Visible" : true,
                    "Width" : 200,
                    "Z-index" : 10,
                    "__TypeDisplayName" : "Expression",
                    "_currentParameterDefs" : [ {
                      "BaseType" : "NUMBER",
                      "Description" : "",
                      "ParameterName" : "input",
                      "isValid" : true
                    } ],
                    "editMode" : "edit",
                    "helperType" : "expression",
                    "parameters" : [ {
                      "BaseType" : "NUMBER",
                      "Description" : "",
                      "ParameterName" : "input",
                      "isValid" : true
                    } ],
                    "parametersToDelete" : [ ]
                  },
                  "Widgets" : [ ]
                } ]
              },
              "mashupType" : "mashup"
            }
            ]]>
            </mashupContent>
            <preview></preview>
        </Mashup>
    </Mashups>
</Entities>
