<?xml version="1.0" encoding="UTF-8"?>
<Entities
 build="b692"
 majorVersion="9"
 minorVersion="0"
 modelPersistenceProviderPackage="MssqlPersistenceProviderPackage"
 revision="11"
 schemaVersion="1109"
 universal="password">
    <Mashups>
        <Mashup
         aspect.isFlex="true"
         aspect.isResponsive="true"
         aspect.mashupType="mashup"
         columns="0.0"
         description=""
         documentationContent=""
         homeMashup=""
         lastModifiedDate="2021-10-14T05:46:53.193Z"
         name="KBSendReportAdminMashupTWXV9"
         projectName=""
         rows="0.0"
         tags="">
            <avatar></avatar>
            <DesignTimePermissions>
                <Create></Create>
                <Read></Read>
                <Update></Update>
                <Delete></Delete>
                <Metadata></Metadata>
            </DesignTimePermissions>
            <RunTimePermissions>
                <Permissions
                 resourceName="*">
                    <PropertyRead>
                        <Principal
                         isPermitted="true"
                         name="KBMashupPDFMailReportAdminGroup"
                         type="Group"></Principal>
                    </PropertyRead>
                    <PropertyWrite>
                        <Principal
                         isPermitted="true"
                         name="KBMashupPDFMailReportAdminGroup"
                         type="Group"></Principal>
                    </PropertyWrite>
                    <ServiceInvoke>
                        <Principal
                         isPermitted="true"
                         name="KBMashupPDFMailReportAdminGroup"
                         type="Group"></Principal>
                    </ServiceInvoke>
                    <EventInvoke></EventInvoke>
                    <EventSubscribe></EventSubscribe>
                </Permissions>
            </RunTimePermissions>
            <VisibilityPermissions>
                <Visibility>
                    <Principal
                     isPermitted="true"
                     name="KBOrganization"
                     type="Organization"></Principal>
                </Visibility>
            </VisibilityPermissions>
            <ConfigurationTableDefinitions></ConfigurationTableDefinitions>
            <ConfigurationTables>
                <ConfigurationTable
                 dataShapeName=""
                 description="Mashup Mobile Settings"
                 isHidden="true"
                 isMultiRow="false"
                 name="MobileSettings"
                 ordinal="0">
                    <DataShape>
                        <FieldDefinitions>
                            <FieldDefinition
                             aspect.defaultValue="false"
                             baseType="BOOLEAN"
                             description=""
                             name="disableZoom"
                             ordinal="0"></FieldDefinition>
                            <FieldDefinition
                             aspect.defaultValue="true"
                             baseType="BOOLEAN"
                             description=""
                             name="fullScreenMode"
                             ordinal="0"></FieldDefinition>
                            <FieldDefinition
                             baseType="STRING"
                             description=""
                             name="height"
                             ordinal="0"></FieldDefinition>
                            <FieldDefinition
                             aspect.defaultValue="device-height"
                             baseType="STRING"
                             description=""
                             name="heightType"
                             ordinal="0"></FieldDefinition>
                            <FieldDefinition
                             aspect.defaultValue="1.0"
                             baseType="NUMBER"
                             description=""
                             name="initialScale"
                             ordinal="0"></FieldDefinition>
                            <FieldDefinition
                             baseType="STRING"
                             description=""
                             name="iosShortcutIconTitle"
                             ordinal="0"></FieldDefinition>
                            <FieldDefinition
                             aspect.defaultValue="black-translucent"
                             baseType="STRING"
                             description=""
                             name="iosStatusBarAppearance"
                             ordinal="0"></FieldDefinition>
                            <FieldDefinition
                             aspect.defaultValue="10.0"
                             baseType="NUMBER"
                             description=""
                             name="maximumScale"
                             ordinal="0"></FieldDefinition>
                            <FieldDefinition
                             aspect.defaultValue="0.1"
                             baseType="NUMBER"
                             description=""
                             name="minimumScale"
                             ordinal="0"></FieldDefinition>
                            <FieldDefinition
                             baseType="STRING"
                             description=""
                             name="width"
                             ordinal="0"></FieldDefinition>
                            <FieldDefinition
                             aspect.defaultValue="device-width"
                             baseType="STRING"
                             description=""
                             name="widthType"
                             ordinal="0"></FieldDefinition>
                        </FieldDefinitions>
                    </DataShape>
                    <Rows>
                        <Row>
                            <disableZoom>false</disableZoom>
                            <fullScreenMode>true</fullScreenMode>
                            <height>
                            <![CDATA[
                            device-height
                            ]]>
                            </height>
                            <heightType>
                            <![CDATA[
                            device-height
                            ]]>
                            </heightType>
                            <initialScale>1.0</initialScale>
                            <iosShortcutIconTitle></iosShortcutIconTitle>
                            <iosStatusBarAppearance>
                            <![CDATA[
                            black-translucent
                            ]]>
                            </iosStatusBarAppearance>
                            <maximumScale>10.0</maximumScale>
                            <minimumScale>0.1</minimumScale>
                            <width>
                            <![CDATA[
                            device-width
                            ]]>
                            </width>
                            <widthType>
                            <![CDATA[
                            device-width
                            ]]>
                            </widthType>
                        </Row>
                    </Rows>
                </ConfigurationTable>
            </ConfigurationTables>
            <ParameterDefinitions></ParameterDefinitions>
            <Things></Things>
            <ThingShapes></ThingShapes>
            <ThingTemplates></ThingTemplates>
            <mashupContent>
            <![CDATA[
            {
              "CustomMashupCss" : "",
              "Data" : {
                "Session" : {
                  "DataName" : "Session",
                  "EntityName" : "",
                  "EntityType" : "Session",
                  "Id" : "session",
                  "Services" : [ {
                    "APIMethod" : "post",
                    "Characteristic" : "Services",
                    "Id" : "SessionInterface",
                    "Name" : "GetGlobalSessionValues",
                    "Parameters" : { },
                    "RefreshInterval" : 0,
                    "Target" : "GetGlobalSessionValues"
                  } ]
                },
                "Things_KbSendReportDatatable" : {
                  "DataName" : "Things_KbSendReportDatatable",
                  "EntityName" : "KbSendReportDatatable",
                  "EntityType" : "Things",
                  "Id" : "3f0e0e47-5bef-4509-ad25-1058d60ca96c",
                  "RefreshInterval" : 0,
                  "Services" : [ {
                    "APIMethod" : "post",
                    "Characteristic" : "Services",
                    "Id" : "17f8c1d7-4012-4b75-a090-05ccf1b3b85d",
                    "Name" : "GetDataTableEntries",
                    "Parameters" : { },
                    "RefreshInterval" : 0,
                    "Target" : "GetDataTableEntries"
                  }, {
                    "APIMethod" : "post",
                    "Characteristic" : "Services",
                    "Id" : "90961632-976c-497e-abce-1a98bfb86a35",
                    "Name" : "DeleteDataTableEntry",
                    "Parameters" : { },
                    "Properties" : {
                      "CustomErrorMessage" : "",
                      "CustomSuccessMessage" : "Entry Deleted Successfully",
                      "ShowErrorMessage" : false,
                      "ShowSuccessMessage" : true
                    },
                    "RefreshInterval" : 0,
                    "Target" : "DeleteDataTableEntry"
                  } ]
                },
                "UserExtensions" : {
                  "DataName" : "UserExtensions",
                  "EntityName" : "",
                  "EntityType" : "UserExtensions",
                  "Id" : "UserExtensions",
                  "Services" : [ {
                    "APIMethod" : "post",
                    "Characteristic" : "Services",
                    "Id" : "UserExtensionInterface",
                    "Name" : "GetCurrentUserExtensionProperties",
                    "Parameters" : { },
                    "RefreshInterval" : 0,
                    "Target" : "GetCurrentUserExtensionProperties"
                  } ]
                }
              },
              "DataBindings" : [ {
                "Id" : "28315a6c-d0e0-47bb-beca-e289bb52c030",
                "PropertyMaps" : [ {
                  "SourceProperty" : "",
                  "SourcePropertyBaseType" : "INFOTABLE",
                  "SourcePropertyType" : "InfoTable",
                  "TargetProperty" : "Data",
                  "TargetPropertyBaseType" : "INFOTABLE",
                  "TargetPropertyType" : "property"
                } ],
                "SourceArea" : "Data",
                "SourceDetails" : "AllData",
                "SourceId" : "GetDataTableEntries",
                "SourceName" : "GetDataTableEntries",
                "SourceSection" : "Things_KbSendReportDatatable",
                "TargetArea" : "UI",
                "TargetId" : "gridadvanced-5",
                "TargetSection" : ""
              }, {
                "Id" : "68c30f1b-83a0-495e-8707-fd5263889579",
                "PropertyMaps" : [ {
                  "SourceProperty" : "Name",
                  "SourcePropertyBaseType" : "STRING",
                  "SourcePropertyType" : "Field",
                  "TargetProperty" : "AttachmentName",
                  "TargetPropertyBaseType" : "STRING",
                  "TargetPropertyType" : "property"
                } ],
                "SourceArea" : "Data",
                "SourceDetails" : "SelectedRows",
                "SourceId" : "GetDataTableEntries",
                "SourceSection" : "Things_KbSendReportDatatable",
                "TargetArea" : "UI",
                "TargetId" : "navigationfunction-10",
                "TargetSection" : ""
              }, {
                "Id" : "8485c5af-47b0-4ea3-8c0d-672f79e415d4",
                "PropertyMaps" : [ {
                  "SourceProperty" : "Frequency",
                  "SourcePropertyBaseType" : "NUMBER",
                  "SourcePropertyType" : "Field",
                  "TargetProperty" : "Frequency",
                  "TargetPropertyBaseType" : "NUMBER",
                  "TargetPropertyType" : "property"
                } ],
                "SourceArea" : "Data",
                "SourceDetails" : "SelectedRows",
                "SourceId" : "GetDataTableEntries",
                "SourceSection" : "Things_KbSendReportDatatable",
                "TargetArea" : "UI",
                "TargetId" : "navigationfunction-10",
                "TargetSection" : ""
              }, {
                "Id" : "524bf245-0a4d-4e65-9a00-0eac12129c33",
                "PropertyMaps" : [ {
                  "SourceProperty" : "InternalUserGroup",
                  "SourcePropertyBaseType" : "STRING",
                  "SourcePropertyType" : "Field",
                  "TargetProperty" : "InternalUserGroup",
                  "TargetPropertyBaseType" : "STRING",
                  "TargetPropertyType" : "property"
                } ],
                "SourceArea" : "Data",
                "SourceDetails" : "SelectedRows",
                "SourceId" : "GetDataTableEntries",
                "SourceSection" : "Things_KbSendReportDatatable",
                "TargetArea" : "UI",
                "TargetId" : "navigationfunction-10",
                "TargetSection" : ""
              }, {
                "Id" : "02f454d9-6f5d-46da-baa7-b262525f00c5",
                "PropertyMaps" : [ {
                  "SourceProperty" : "MailSubject",
                  "SourcePropertyBaseType" : "TEXT",
                  "SourcePropertyType" : "Field",
                  "TargetProperty" : "MailSubject",
                  "TargetPropertyBaseType" : "TEXT",
                  "TargetPropertyType" : "property"
                } ],
                "SourceArea" : "Data",
                "SourceDetails" : "SelectedRows",
                "SourceId" : "GetDataTableEntries",
                "SourceSection" : "Things_KbSendReportDatatable",
                "TargetArea" : "UI",
                "TargetId" : "navigationfunction-10",
                "TargetSection" : ""
              }, {
                "Id" : "876fcef7-89d7-42e4-b917-628d3a7656ae",
                "PropertyMaps" : [ {
                  "SourceProperty" : "MailText",
                  "SourcePropertyBaseType" : "TEXT",
                  "SourcePropertyType" : "Field",
                  "TargetProperty" : "MailText",
                  "TargetPropertyBaseType" : "TEXT",
                  "TargetPropertyType" : "property"
                } ],
                "SourceArea" : "Data",
                "SourceDetails" : "SelectedRows",
                "SourceId" : "GetDataTableEntries",
                "SourceSection" : "Things_KbSendReportDatatable",
                "TargetArea" : "UI",
                "TargetId" : "navigationfunction-10",
                "TargetSection" : ""
              }, {
                "Id" : "6488ed85-d899-45b7-aca1-3b6f49c9a55b",
                "PropertyMaps" : [ {
                  "SourceProperty" : "RecipientMailAddress",
                  "SourcePropertyBaseType" : "STRING",
                  "SourcePropertyType" : "Field",
                  "TargetProperty" : "RecipientMailAddress",
                  "TargetPropertyBaseType" : "STRING",
                  "TargetPropertyType" : "property"
                } ],
                "SourceArea" : "Data",
                "SourceDetails" : "SelectedRows",
                "SourceId" : "GetDataTableEntries",
                "SourceSection" : "Things_KbSendReportDatatable",
                "TargetArea" : "UI",
                "TargetId" : "navigationfunction-10",
                "TargetSection" : ""
              }, {
                "Id" : "cc128dd0-37e6-4b49-a2e7-bfc2fdecdd44",
                "PropertyMaps" : [ {
                  "SourceProperty" : "RecipientUsers",
                  "SourcePropertyBaseType" : "INFOTABLE",
                  "SourcePropertyType" : "Field",
                  "TargetProperty" : "RecipientUsers",
                  "TargetPropertyBaseType" : "INFOTABLE",
                  "TargetPropertyType" : "property"
                } ],
                "SourceArea" : "Data",
                "SourceDetails" : "SelectedRows",
                "SourceId" : "GetDataTableEntries",
                "SourceSection" : "Things_KbSendReportDatatable",
                "TargetArea" : "UI",
                "TargetId" : "navigationfunction-10",
                "TargetSection" : ""
              }, {
                "Id" : "89826a31-07dc-45fc-94d9-8b33e0b4be67",
                "PropertyMaps" : [ {
                  "SourceProperty" : "URL",
                  "SourcePropertyBaseType" : "HYPERLINK",
                  "SourcePropertyType" : "Field",
                  "TargetProperty" : "URL",
                  "TargetPropertyBaseType" : "HYPERLINK",
                  "TargetPropertyType" : "property"
                } ],
                "SourceArea" : "Data",
                "SourceDetails" : "SelectedRows",
                "SourceId" : "GetDataTableEntries",
                "SourceSection" : "Things_KbSendReportDatatable",
                "TargetArea" : "UI",
                "TargetId" : "navigationfunction-10",
                "TargetSection" : ""
              }, {
                "Id" : "80bb3efe-e87a-4488-8027-ea787294a716",
                "PropertyMaps" : [ {
                  "SourceProperty" : "SelectedRows",
                  "SourcePropertyBaseType" : "INFOTABLE",
                  "SourcePropertyType" : "Property",
                  "TargetProperty" : "values",
                  "TargetPropertyBaseType" : "INFOTABLE",
                  "TargetPropertyType" : "Parameter"
                } ],
                "SourceArea" : "UI",
                "SourceDetails" : "",
                "SourceId" : "gridadvanced-5",
                "SourceSection" : "",
                "TargetArea" : "Data",
                "TargetId" : "DeleteDataTableEntry",
                "TargetSection" : "Things_KbSendReportDatatable"
              }, {
                "Id" : "99e677d4-8818-47ca-98c7-317befbb0da3",
                "PropertyMaps" : [ {
                  "SourceProperty" : "Output",
                  "SourcePropertyBaseType" : "BOOLEAN",
                  "SourcePropertyType" : "Property",
                  "TargetProperty" : "Disabled",
                  "TargetPropertyBaseType" : "BOOLEAN",
                  "TargetPropertyType" : "property"
                } ],
                "SourceArea" : "UI",
                "SourceId" : "expression-14",
                "SourceSection" : "",
                "TargetArea" : "UI",
                "TargetId" : "ptcsbutton-7",
                "TargetSection" : ""
              }, {
                "Id" : "6f6c62e6-9136-4f70-8d3a-4c7a631b7074",
                "PropertyMaps" : [ {
                  "SourceProperty" : "Output",
                  "SourcePropertyBaseType" : "BOOLEAN",
                  "SourcePropertyType" : "Property",
                  "TargetProperty" : "Disabled",
                  "TargetPropertyBaseType" : "BOOLEAN",
                  "TargetPropertyType" : "property"
                } ],
                "SourceArea" : "UI",
                "SourceId" : "expression-14",
                "SourceSection" : "",
                "TargetArea" : "UI",
                "TargetId" : "ptcsbutton-11",
                "TargetSection" : ""
              }, {
                "Id" : "72b81af8-abe6-4c6a-9fb8-502097314d16",
                "PropertyMaps" : [ {
                  "SourceProperty" : "Output",
                  "SourcePropertyBaseType" : "BOOLEAN",
                  "SourcePropertyType" : "Property",
                  "TargetProperty" : "Disabled",
                  "TargetPropertyBaseType" : "BOOLEAN",
                  "TargetPropertyType" : "property"
                } ],
                "SourceArea" : "UI",
                "SourceId" : "expression-14",
                "SourceSection" : "",
                "TargetArea" : "UI",
                "TargetId" : "ptcsbutton-13",
                "TargetSection" : ""
              } ],
              "DesignTimePermissions" : {
                "Create" : [ ],
                "Delete" : [ ],
                "Metadata" : [ ],
                "Read" : [ ],
                "Update" : [ ]
              },
              "Events" : [ {
                "EventHandlerArea" : "UI",
                "EventHandlerId" : "navigationfunction-9",
                "EventHandlerService" : "Navigate",
                "EventTriggerArea" : "UI",
                "EventTriggerEvent" : "Clicked",
                "EventTriggerId" : "ptcsbutton-7",
                "EventTriggerSection" : "",
                "Id" : "3f81caaa-1e59-4b42-8b53-ee604cc038c1"
              }, {
                "EventHandlerArea" : "Mashup",
                "EventHandlerId" : "mashup-root",
                "EventHandlerService" : "Refresh",
                "EventTriggerArea" : "UI",
                "EventTriggerEvent" : "WindowClosed",
                "EventTriggerId" : "navigationfunction-9",
                "EventTriggerSection" : "",
                "Id" : "27c96815-f4aa-4fd3-a72f-b1047956ee13"
              }, {
                "EventHandlerArea" : "Mashup",
                "EventHandlerId" : "mashup-root",
                "EventHandlerService" : "Refresh",
                "EventTriggerArea" : "UI",
                "EventTriggerEvent" : "WindowClosed",
                "EventTriggerId" : "navigationfunction-10",
                "EventTriggerSection" : "",
                "Id" : "6c9a85f3-a122-43c1-9353-731cc1dd7a2f"
              }, {
                "EventHandlerArea" : "Data",
                "EventHandlerId" : "Things_KbSendReportDatatable",
                "EventHandlerService" : "GetDataTableEntries",
                "EventTriggerArea" : "Mashup",
                "EventTriggerEvent" : "Loaded",
                "EventTriggerId" : "mashup-root",
                "EventTriggerSection" : "",
                "Id" : "7cba099b-dab2-4a56-b296-475c77e44351"
              }, {
                "EventHandlerArea" : "Data",
                "EventHandlerId" : "Things_KbSendReportDatatable",
                "EventHandlerService" : "GetDataTableEntries",
                "EventTriggerArea" : "Mashup",
                "EventTriggerEvent" : "RefreshRequested",
                "EventTriggerId" : "mashup-root",
                "EventTriggerSection" : "",
                "Id" : "1b3e3f92-90c5-4086-9e72-245167f10be9"
              }, {
                "EventHandlerArea" : "UI",
                "EventHandlerId" : "navigationfunction-10",
                "EventHandlerService" : "Navigate",
                "EventTriggerArea" : "UI",
                "EventTriggerEvent" : "Clicked",
                "EventTriggerId" : "ptcsbutton-13",
                "EventTriggerSection" : "",
                "Id" : "43c81fd1-ed65-4b9b-9989-81fc11a21321"
              }, {
                "EventHandlerArea" : "Mashup",
                "EventHandlerId" : "mashup-root",
                "EventHandlerService" : "Refresh",
                "EventTriggerArea" : "Data",
                "EventTriggerEvent" : "ServiceInvokeCompleted",
                "EventTriggerId" : "DeleteDataTableEntry",
                "EventTriggerSection" : "Things_KbSendReportDatatable",
                "Id" : "83c3c24e-d3ed-48fe-bb5a-1525890904bd"
              }, {
                "EventHandlerArea" : "Data",
                "EventHandlerId" : "Things_KbSendReportDatatable",
                "EventHandlerService" : "DeleteDataTableEntry",
                "EventTriggerArea" : "UI",
                "EventTriggerEvent" : "Clicked",
                "EventTriggerId" : "ptcsbutton-11",
                "EventTriggerSection" : "",
                "Id" : "30b0a853-98eb-4d96-90fe-6f09f3178e17"
              }, {
                "EventHandlerArea" : "UI",
                "EventHandlerId" : "expression-14",
                "EventHandlerService" : "Evaluate",
                "EventTriggerArea" : "UI",
                "EventTriggerEvent" : "WindowClosed",
                "EventTriggerId" : "navigationfunction-10",
                "EventTriggerSection" : "",
                "Id" : "8092dd2f-1030-4741-a8bb-aaab6ab3909d"
              }, {
                "EventHandlerArea" : "UI",
                "EventHandlerId" : "expression-14",
                "EventHandlerService" : "Evaluate",
                "EventTriggerArea" : "Mashup",
                "EventTriggerEvent" : "Loaded",
                "EventTriggerId" : "mashup-root",
                "EventTriggerSection" : "",
                "Id" : "6a630348-6123-485c-90c6-31f800b576a9"
              }, {
                "EventHandlerArea" : "UI",
                "EventHandlerId" : "expression-14",
                "EventHandlerService" : "Evaluate",
                "EventTriggerArea" : "UI",
                "EventTriggerEvent" : "WindowClosed",
                "EventTriggerId" : "navigationfunction-9",
                "EventTriggerSection" : "",
                "Id" : "92f37180-328f-463e-9397-7fd6fa3dde11"
              } ],
              "RunTimePermissions" : {
                "permissions" : [ ]
              },
              "UI" : {
                "Properties" : {
                  "AddToDashboardButton" : "SimplePlus",
                  "AddToDashboardButtonStyle" : "DefaultAddToDashboardButtonStyle",
                  "Area" : "Mashup",
                  "BGImage" : "",
                  "BGImageRepeat" : "no-repeat",
                  "BGImageSize" : "auto",
                  "Columns" : 0,
                  "ConfigureGadgetButton" : "SimpleGear",
                  "ConfigureGadgetButtonStyle" : "DefaultConfigureGadgetButtonStyle",
                  "DisplayName" : "Mashup",
                  "EnableParameterEditing" : false,
                  "Height" : 618,
                  "Id" : "mashup-root",
                  "IgnoreWarningsInViewMashup" : false,
                  "IsPrintLayout" : false,
                  "Left" : 0,
                  "MashupToEditGadget" : "DefaultMashupToEditGadget",
                  "Master" : "KBSmartProductionMaster1Mashup",
                  "MigratedOn" : "2021-08-24T08:03:22.000Z",
                  "MinHeight" : 0,
                  "MinWidth" : 0,
                  "ResponsiveLayout" : true,
                  "Rows" : 0,
                  "ShowDataLoading" : true,
                  "Style" : "DefaultMashupStyle",
                  "StyleProperties" : {
                    "data" : {
                      "ptcslabel-6" : {
                        "parts" : {
                          "$" : {
                            "$" : {
                              "font-size" : "28px",
                              "font-weight" : "700"
                            }
                          }
                        },
                        "widget" : "ptcs-label"
                      }
                    },
                    "meta" : {
                      "type" : "WidgetStyler",
                      "version" : "1.0"
                    }
                  },
                  "StyleTheme" : "PTC Convergence Theme",
                  "Title" : "",
                  "TitleBar" : false,
                  "TitleBarStyle" : "DefaultTitleBarStyle",
                  "TitleBarText" : "Gadget Title Here",
                  "Top" : 0,
                  "Type" : "mashup",
                  "UseMasterTheme" : false,
                  "UseTheme" : false,
                  "Visible" : true,
                  "Width" : 1024,
                  "Z-index" : 10,
                  "__TypeDisplayName" : "Mashup",
                  "flex-grow" : 0,
                  "id_index" : 14,
                  "supportsAutoResize" : true
                },
                "Widgets" : [ {
                  "Properties" : {
                    "Area" : "UI",
                    "DisplayName" : "container-2",
                    "EnableExpandCollapse" : false,
                    "Expanded" : true,
                    "Id" : "flexcontainer-2",
                    "LastContainer" : true,
                    "Overlay" : false,
                    "ResponsiveLayout" : true,
                    "ShowDataLoading" : true,
                    "ShowExpandCollapseTab" : false,
                    "SourceURL" : "",
                    "Style" : "DefaultContainerStyle",
                    "StyleProperties" : { },
                    "Type" : "flexcontainer",
                    "UseTheme" : true,
                    "Visible" : true,
                    "Z-index" : 10,
                    "__TypeDisplayName" : "Flex Container",
                    "align-content" : "flex-start",
                    "align-items" : "flex-start",
                    "flex-basis" : "auto",
                    "flex-direction" : "column",
                    "flex-grow" : 1,
                    "flex-height" : 0,
                    "flex-max-height" : "",
                    "flex-max-width" : "",
                    "flex-min-height" : "",
                    "flex-min-width" : "",
                    "flex-shrink" : 0,
                    "flex-size" : "default",
                    "flex-width" : 0,
                    "flex-wrap" : "nowrap",
                    "iconClass" : "widgets-flexcontainer",
                    "justify-content" : "flex-start",
                    "positioning" : "responsive",
                    "userCannotRemove" : true
                  },
                  "Widgets" : [ {
                    "Properties" : {
                      "Area" : "UI",
                      "DisplayName" : "Header",
                      "EnableExpandCollapse" : false,
                      "Expanded" : true,
                      "Id" : "flexcontainer-4",
                      "LastContainer" : false,
                      "Overlay" : false,
                      "ResponsiveLayout" : false,
                      "ShowDataLoading" : true,
                      "ShowExpandCollapseTab" : false,
                      "SourceURL" : "",
                      "Style" : "DefaultContainerStyle",
                      "StyleProperties" : { },
                      "Type" : "flexcontainer",
                      "UseTheme" : true,
                      "Visible" : true,
                      "Z-index" : 10,
                      "__TypeDisplayName" : "Flex Container",
                      "align-content" : "flex-start",
                      "align-items" : "flex-start",
                      "flex-basis" : "auto",
                      "flex-direction" : "row",
                      "flex-grow" : 1,
                      "flex-height" : 0,
                      "flex-max-height" : "95px",
                      "flex-max-width" : "",
                      "flex-min-height" : "95px",
                      "flex-min-width" : "",
                      "flex-shrink" : 0,
                      "flex-size" : "fixed",
                      "flex-width" : 0,
                      "flex-wrap" : "nowrap",
                      "iconClass" : "widgets-flexcontainer-fixed",
                      "isLocked" : false,
                      "justify-content" : "flex-start",
                      "positioning" : "responsive",
                      "userCannotRemove" : false
                    },
                    "Widgets" : [ {
                      "Properties" : {
                        "Area" : "UI",
                        "DisclosureControl" : "show-more",
                        "DisplayName" : "ptcs-label-6",
                        "Height" : 44,
                        "HorizontalAlignment" : "left",
                        "Id" : "ptcslabel-6",
                        "LabelText" : "KB Reports Admin",
                        "LabelType" : "label",
                        "LastContainer" : false,
                        "Left" : 106.99999618530273,
                        "Margin" : "20",
                        "MultiLine" : true,
                        "ResponsiveLayout" : false,
                        "ShowDataLoading" : true,
                        "Top" : 31.599990844726562,
                        "Type" : "ptcslabel",
                        "UseTheme" : true,
                        "VerticalAlignment" : "flex-start",
                        "Visible" : true,
                        "Width" : 257,
                        "Z-index" : 10,
                        "__TypeDisplayName" : "Label",
                        "overflowShowLessTxt" : "[[showLess]]",
                        "overflowShowMoreTxt" : "[[showMore]]"
                      },
                      "Widgets" : [ ]
                    }, {
                      "Properties" : {
                        "Area" : "UI",
                        "ButtonType" : "primary",
                        "ContextID" : "",
                        "Disabled" : false,
                        "DisplayName" : "ptcs-button-7",
                        "Id" : "ptcsbutton-7",
                        "Label" : "Add",
                        "LabelAlignment" : "center",
                        "LastContainer" : false,
                        "Left" : 426.99999618530273,
                        "Margin" : "20",
                        "ResponsiveLayout" : false,
                        "ShowDataLoading" : true,
                        "TabSequence" : 0,
                        "Top" : 31.599990844726562,
                        "Type" : "ptcsbutton",
                        "UseTheme" : true,
                        "Visible" : true,
                        "Z-index" : 10,
                        "__TypeDisplayName" : "Button"
                      },
                      "Widgets" : [ ]
                    }, {
                      "Properties" : {
                        "Area" : "UI",
                        "ButtonType" : "primary",
                        "ContextID" : "",
                        "Disabled" : false,
                        "DisplayName" : "ptcs-button-11",
                        "Id" : "ptcsbutton-11",
                        "Label" : "Delete",
                        "LabelAlignment" : "center",
                        "LastContainer" : false,
                        "Left" : 414,
                        "Margin" : "20",
                        "ResponsiveLayout" : false,
                        "ShowDataLoading" : true,
                        "TabSequence" : 0,
                        "Top" : 16,
                        "Type" : "ptcsbutton",
                        "UseTheme" : true,
                        "Visible" : true,
                        "Z-index" : 10,
                        "__TypeDisplayName" : "Button"
                      },
                      "Widgets" : [ ]
                    }, {
                      "Properties" : {
                        "Area" : "UI",
                        "ButtonType" : "primary",
                        "ContextID" : "",
                        "Disabled" : false,
                        "DisplayName" : "ptcs-button-13",
                        "Id" : "ptcsbutton-13",
                        "Label" : "Edit",
                        "LabelAlignment" : "center",
                        "LastContainer" : false,
                        "Left" : 414,
                        "Margin" : "20",
                        "ResponsiveLayout" : false,
                        "ShowDataLoading" : true,
                        "TabSequence" : 0,
                        "Top" : 16,
                        "Type" : "ptcsbutton",
                        "UseTheme" : true,
                        "Visible" : true,
                        "Z-index" : 10,
                        "__TypeDisplayName" : "Button"
                      },
                      "Widgets" : [ ]
                    } ]
                  }, {
                    "Properties" : {
                      "Area" : "UI",
                      "DisplayName" : "Body",
                      "EnableExpandCollapse" : false,
                      "Expanded" : true,
                      "Id" : "flexcontainer-3",
                      "LastContainer" : true,
                      "Overlay" : false,
                      "ResponsiveLayout" : false,
                      "ShowDataLoading" : true,
                      "ShowExpandCollapseTab" : false,
                      "SourceURL" : "",
                      "Style" : "DefaultContainerStyle",
                      "StyleProperties" : { },
                      "Type" : "flexcontainer",
                      "UseTheme" : true,
                      "Visible" : true,
                      "Z-index" : 10,
                      "__TypeDisplayName" : "Flex Container",
                      "align-content" : "flex-start",
                      "align-items" : "flex-start",
                      "flex-basis" : "auto",
                      "flex-direction" : "row",
                      "flex-grow" : 1,
                      "flex-height" : 0,
                      "flex-max-height" : "",
                      "flex-max-width" : "",
                      "flex-min-height" : "",
                      "flex-min-width" : "",
                      "flex-shrink" : 0,
                      "flex-size" : "default",
                      "flex-width" : 0,
                      "flex-wrap" : "nowrap",
                      "iconClass" : "widgets-flexcontainer",
                      "isLocked" : true,
                      "justify-content" : "flex-start",
                      "positioning" : "responsive",
                      "userCannotRemove" : false
                    },
                    "Widgets" : [ {
                      "Properties" : {
                        "Area" : "UI",
                        "AutoScroll" : true,
                        "CellBorderStyle" : "DefaultGridAdvancedCellBorderStyle",
                        "CellValidationErrorStyle" : "DefaultGridAdvancedCellValidationErrorStyle",
                        "CellValidationErrorTooltipStyle" : "DefaultGridAdvancedCellValidationErrorTooltipStyle",
                        "ColumnFormat" : {
                          "formatInfo" : [ {
                            "Align" : "left",
                            "AllowEdit" : false,
                            "FieldName" : "Name",
                            "FormatOptions" : {
                              "FormatString" : "full",
                              "formatInfo" : {
                                "FieldName" : "",
                                "StateDefinition" : "",
                                "StateDefinitionType" : "fixed",
                                "StateFormats" : [ {
                                  "state" : "",
                                  "stateName" : "fixed"
                                } ]
                              },
                              "renderer" : "STRING",
                              "roundingEnabled" : true,
                              "showDependentField" : false
                            },
                            "Title" : "Attachment Name",
                            "Width" : "auto",
                            "headerTextAlignment" : "left",
                            "hidden" : false,
                            "inLayout" : true
                          }, {
                            "Align" : "left",
                            "AllowEdit" : false,
                            "EditorOptions" : {
                              "Type" : "string",
                              "Validators" : [ "None", "NotEmpty", "Empty", "Custom", "ValidAlphaNumeric", "ValidEmail", "ValidIPv4", "ValidSIN", "ValidSSN" ]
                            },
                            "FieldName" : "sourceType",
                            "FormatOptions" : {
                              "FormatString" : "full",
                              "renderer" : "STRING"
                            },
                            "Title" : "sourceType",
                            "ValidationExpression" : "",
                            "ValidationMessage" : "",
                            "Width" : "auto",
                            "hidden" : true,
                            "inLayout" : true
                          }, {
                            "Align" : "left",
                            "AllowEdit" : false,
                            "EditorOptions" : {
                              "Type" : "string",
                              "Validators" : [ "None", "NotEmpty", "Empty", "Custom" ]
                            },
                            "FieldName" : "location",
                            "FormatOptions" : {
                              "FormatString" : "0.0000",
                              "renderer" : "LOCATION"
                            },
                            "Title" : "location",
                            "ValidationExpression" : "",
                            "ValidationMessage" : "",
                            "Width" : "auto",
                            "hidden" : true,
                            "inLayout" : true
                          }, {
                            "Align" : "left",
                            "AllowEdit" : false,
                            "EditorOptions" : {
                              "Type" : "string",
                              "Validators" : [ "None", "NotEmpty", "Empty", "Custom" ]
                            },
                            "FieldName" : "MailSubject",
                            "FormatOptions" : {
                              "FormatString" : "",
                              "formatInfo" : {
                                "FieldName" : "",
                                "StateDefinition" : "",
                                "StateDefinitionType" : "fixed",
                                "StateFormats" : [ {
                                  "state" : "",
                                  "stateName" : "fixed"
                                } ]
                              },
                              "renderer" : "DEFAULT",
                              "roundingEnabled" : true,
                              "showDependentField" : false
                            },
                            "Title" : "Mail Subject",
                            "Width" : "auto",
                            "headerTextAlignment" : "left",
                            "hidden" : false,
                            "inLayout" : true
                          }, {
                            "Align" : "left",
                            "AllowEdit" : false,
                            "EditorOptions" : {
                              "Type" : "string",
                              "Validators" : [ "None", "NotEmpty", "Empty", "Custom" ]
                            },
                            "FieldName" : "MailText",
                            "FormatOptions" : {
                              "FormatString" : "",
                              "formatInfo" : {
                                "FieldName" : "",
                                "StateDefinition" : "",
                                "StateDefinitionType" : "fixed",
                                "StateFormats" : [ {
                                  "state" : "",
                                  "stateName" : "fixed"
                                } ]
                              },
                              "renderer" : "DEFAULT",
                              "roundingEnabled" : true,
                              "showDependentField" : false
                            },
                            "Title" : "Mail Text",
                            "Width" : "auto",
                            "headerTextAlignment" : "left",
                            "hidden" : false,
                            "inLayout" : true
                          }, {
                            "Align" : "left",
                            "AllowEdit" : false,
                            "EditorOptions" : {
                              "Type" : "string",
                              "Validators" : [ "None", "NotEmpty", "Empty", "Custom", "ValidAlphaNumeric", "ValidEmail", "ValidIPv4", "ValidSIN", "ValidSSN" ]
                            },
                            "FieldName" : "source",
                            "FormatOptions" : {
                              "FormatString" : "full",
                              "renderer" : "STRING"
                            },
                            "Title" : "source",
                            "ValidationExpression" : "",
                            "ValidationMessage" : "",
                            "Width" : "auto",
                            "hidden" : true,
                            "inLayout" : true
                          }, {
                            "Align" : "left",
                            "AllowEdit" : false,
                            "EditorOptions" : {
                              "Type" : "string",
                              "Validators" : [ "None", "NotEmpty", "Empty", "Custom", "ValidAlphaNumeric", "ValidEmail", "ValidIPv4", "ValidSIN", "ValidSSN" ]
                            },
                            "FieldName" : "key",
                            "FormatOptions" : {
                              "FormatString" : "full",
                              "renderer" : "STRING"
                            },
                            "Title" : "key",
                            "ValidationExpression" : "",
                            "ValidationMessage" : "",
                            "Width" : "auto",
                            "hidden" : true,
                            "inLayout" : true
                          }, {
                            "Align" : "left",
                            "AllowEdit" : false,
                            "EditorOptions" : {
                              "Type" : "string",
                              "Validators" : [ "None", "NotEmpty", "Empty", "Custom" ]
                            },
                            "FieldName" : "tags",
                            "FormatOptions" : {
                              "FormatString" : "plain",
                              "renderer" : "TAGS"
                            },
                            "Title" : "tags",
                            "ValidationExpression" : "",
                            "ValidationMessage" : "",
                            "Width" : "auto",
                            "hidden" : true,
                            "inLayout" : true
                          }, {
                            "Align" : "left",
                            "AllowEdit" : false,
                            "EditorOptions" : {
                              "Type" : "date",
                              "Validators" : [ "None", "NotEmpty", "Empty", "ValidDate", "ValidDatetime", "ValidTime", "Custom" ]
                            },
                            "FieldName" : "timestamp",
                            "FormatOptions" : {
                              "FormatString" : "[[dateTimeFormat_Default]]",
                              "renderer" : "DATETIME"
                            },
                            "Title" : "timestamp",
                            "ValidationExpression" : "",
                            "ValidationMessage" : "",
                            "Width" : "auto",
                            "hidden" : true,
                            "inLayout" : true
                          }, {
                            "Align" : "left",
                            "AllowEdit" : false,
                            "FieldName" : "URL",
                            "FormatOptions" : {
                              "FormatString" : "full",
                              "formatInfo" : {
                                "FieldName" : "",
                                "StateDefinition" : "",
                                "StateDefinitionType" : "fixed",
                                "StateFormats" : [ {
                                  "state" : "",
                                  "stateName" : "fixed"
                                } ]
                              },
                              "formatText" : "View",
                              "renderer" : "STRING",
                              "roundingEnabled" : true,
                              "showDependentField" : false
                            },
                            "Title" : "Mashup URL",
                            "Width" : "auto",
                            "headerTextAlignment" : "left",
                            "hidden" : false,
                            "inLayout" : true
                          }, {
                            "Align" : "left",
                            "AllowEdit" : false,
                            "EditorOptions" : {
                              "Type" : "string",
                              "Validators" : [ "None", "NotEmpty", "Empty", "Custom", "ValidAlphaNumeric", "ValidEmail", "ValidIPv4", "ValidSIN", "ValidSSN" ]
                            },
                            "FieldName" : "RecipientMailAddress",
                            "FormatOptions" : {
                              "FormatString" : "full",
                              "formatInfo" : {
                                "FieldName" : "",
                                "StateDefinition" : "",
                                "StateDefinitionType" : "fixed",
                                "StateFormats" : [ {
                                  "state" : "",
                                  "stateName" : "fixed"
                                } ]
                              },
                              "renderer" : "STRING",
                              "roundingEnabled" : true,
                              "showDependentField" : false
                            },
                            "Title" : "Recipient Mail Address",
                            "Width" : "auto",
                            "headerTextAlignment" : "left",
                            "hidden" : false,
                            "inLayout" : true
                          }, {
                            "Align" : "right",
                            "AllowEdit" : false,
                            "EditorOptions" : {
                              "Type" : "number",
                              "Validators" : [ "None", "NotEmpty", "Empty", "ValidNumeric", "ValidCurrency", "Custom" ]
                            },
                            "FieldName" : "Frequency",
                            "FormatOptions" : {
                              "FormatString" : "0.00",
                              "formatInfo" : {
                                "FieldName" : "",
                                "StateDefinition" : "",
                                "StateDefinitionType" : "fixed",
                                "StateFormats" : [ {
                                  "state" : "",
                                  "stateName" : "fixed"
                                } ]
                              },
                              "renderer" : "NUMBER",
                              "roundingEnabled" : true,
                              "showDependentField" : false
                            },
                            "Title" : "Mail Frequency",
                            "Width" : "auto",
                            "headerTextAlignment" : "right",
                            "hidden" : false,
                            "inLayout" : true
                          }, {
                            "Align" : "left",
                            "AllowEdit" : true,
                            "EditorOptions" : {
                              "Type" : "string",
                              "Validators" : [ "None", "NotEmpty", "Empty", "Custom", "ValidAlphaNumeric", "ValidEmail", "ValidIPv4", "ValidSIN", "ValidSSN" ]
                            },
                            "FieldName" : "InternalUserGroup",
                            "FormatOptions" : {
                              "FormatString" : "full",
                              "formatInfo" : {
                                "FieldName" : "",
                                "StateDefinition" : "",
                                "StateDefinitionType" : "fixed",
                                "StateFormats" : [ {
                                  "state" : "",
                                  "stateName" : "fixed"
                                } ]
                              },
                              "renderer" : "STRING",
                              "roundingEnabled" : true,
                              "showDependentField" : false
                            },
                            "Title" : "InternalUserGroup",
                            "Width" : "auto",
                            "headerTextAlignment" : "left",
                            "hidden" : false,
                            "inLayout" : true
                          }, {
                            "Align" : "left",
                            "AllowEdit" : false,
                            "EditorOptions" : {
                              "Type" : "string",
                              "Validators" : [ "None", "NotEmpty", "Empty", "Custom" ]
                            },
                            "FieldName" : "RecipientUsers",
                            "FormatOptions" : {
                              "renderer" : "INFOTABLE"
                            },
                            "Title" : "RecipientUsers",
                            "Width" : "auto",
                            "headerTextAlignment" : "left",
                            "hidden" : true,
                            "inLayout" : true
                          } ]
                        },
                        "Configuration" : "",
                        "ConfigurationId" : 7,
                        "CookiePersistence" : true,
                        "DataOverflow" : "clipped",
                        "DataServiceBindingDef" : {
                          "entityName" : "KbSendReportDatatable",
                          "entityType" : "Things",
                          "target" : "GetDataTableEntries"
                        },
                        "DefaultSelectedRows" : "1",
                        "DisplayName" : "gridadvanced-5",
                        "DisplayOnlyMode" : false,
                        "EditButtonsLocation" : "top-right",
                        "EnableAddDeleteButtons" : false,
                        "EnableCallbackOnSelectedRowsChange" : true,
                        "EnableContextMenu" : true,
                        "EnableEditButtons" : false,
                        "EnableFilterEventOnConfigChange" : true,
                        "EnableFooter" : false,
                        "EnableGridReset" : false,
                        "EnableGridSearch" : false,
                        "EnableKeyboardNavigation" : true,
                        "EnableSorting" : false,
                        "FocusStyle" : "DefaultFocusStyle",
                        "GridResetButtonLocation" : "top-right",
                        "GridSearchLocation" : "top-left",
                        "HeaderOverflow" : "tooltip",
                        "Height" : 200,
                        "IDFieldName" : "id",
                        "Id" : "gridadvanced-5",
                        "IsEditable" : false,
                        "LastContainer" : false,
                        "Left" : 246.99999618530273,
                        "MaxHeaderHeight" : 100,
                        "MinRowHeight" : 30,
                        "ResponsiveLayout" : true,
                        "RowAlternateBackgroundStyle" : "DefaultGridAdvancedRowAlternateBackgroundStyle",
                        "RowBackgroundStyle" : "DefaultGridAdvancedRowBackgroundStyle",
                        "RowBorderStyle" : "DefaultGridAdvancedRowBorderStyle",
                        "RowFormat_StateParameters" : [ ],
                        "RowHoverStyle" : "DefaultGridAdvancedRowHoverStyle",
                        "RowSelectedStyle" : "DefaultGridAdvancedRowSelectedStyle",
                        "RowSelection" : "single",
                        "SelectedRows" : "",
                        "ShowDataLoading" : true,
                        "SortAscendingStyle" : "DefaultSortAscendingStyle",
                        "SortDescendingStyle" : "DefaultSortDescendingStyle",
                        "TableFooterStyle" : "DefaultGridAdvancedFooterStyle",
                        "TableHeaderStyle" : "DefaultGridAdvancedHeaderStyle",
                        "TableWrapperStyle" : "DefaultGridAdvancedWrapperStyle",
                        "ToolbarStyle" : "DefaultToolbarStyle",
                        "TooltipStyle" : "DefaultTooltipStyle",
                        "Top" : 21.599990844726562,
                        "Type" : "gridadvanced",
                        "UseTheme" : false,
                        "Visible" : true,
                        "Width" : 400,
                        "Z-index" : 10,
                        "__TypeDisplayName" : "Grid Advanced"
                      },
                      "Widgets" : [ ]
                    } ]
                  } ]
                }, {
                  "Properties" : {
                    "Area" : "UI",
                    "ClickOutsideToClose" : false,
                    "CloseButton" : true,
                    "DisplayName" : "ptcsbutton-8-Navigation",
                    "Id" : "navigationfunction-9",
                    "LastContainer" : false,
                    "Left" : 0,
                    "MashupParameters" : [ {
                      "BaseType" : "STRING",
                      "Description" : "",
                      "ParameterName" : "InternalUserGroup",
                      "ParmDef" : {
                        "aspects" : {
                          "bindingDirection" : "BOTH",
                          "isMandatory" : "false"
                        },
                        "baseType" : "STRING",
                        "description" : "",
                        "name" : "InternalUserGroup",
                        "ordinal" : 0
                      }
                    }, {
                      "BaseType" : "TEXT",
                      "Description" : "",
                      "ParameterName" : "MailSubject",
                      "ParmDef" : {
                        "aspects" : {
                          "bindingDirection" : "BOTH",
                          "isMandatory" : "false"
                        },
                        "baseType" : "TEXT",
                        "description" : "",
                        "name" : "MailSubject",
                        "ordinal" : 0
                      }
                    }, {
                      "BaseType" : "STRING",
                      "Description" : "",
                      "ParameterName" : "AttachmentName",
                      "ParmDef" : {
                        "aspects" : {
                          "bindingDirection" : "BOTH",
                          "isMandatory" : "false"
                        },
                        "baseType" : "STRING",
                        "description" : "",
                        "name" : "AttachmentName",
                        "ordinal" : 0
                      }
                    }, {
                      "BaseType" : "BOOLEAN",
                      "Description" : "",
                      "ParameterName" : "closeMe",
                      "ParmDef" : {
                        "aspects" : {
                          "bindingDirection" : "BOTH",
                          "isMandatory" : "false"
                        },
                        "baseType" : "BOOLEAN",
                        "description" : "",
                        "name" : "closeMe",
                        "ordinal" : 0
                      }
                    }, {
                      "BaseType" : "INFOTABLE",
                      "Description" : "",
                      "ParameterName" : "RecipientUsers",
                      "ParmDef" : {
                        "aspects" : {
                          "bindingDirection" : "BOTH",
                          "dataShape" : "GroupMember",
                          "isMandatory" : "false"
                        },
                        "baseType" : "INFOTABLE",
                        "description" : "",
                        "name" : "RecipientUsers",
                        "ordinal" : 0
                      }
                    }, {
                      "BaseType" : "NUMBER",
                      "Description" : "",
                      "ParameterName" : "Frequency",
                      "ParmDef" : {
                        "aspects" : {
                          "bindingDirection" : "BOTH",
                          "isMandatory" : "false"
                        },
                        "baseType" : "NUMBER",
                        "description" : "",
                        "name" : "Frequency",
                        "ordinal" : 0
                      }
                    }, {
                      "BaseType" : "TEXT",
                      "Description" : "",
                      "ParameterName" : "MailText",
                      "ParmDef" : {
                        "aspects" : {
                          "bindingDirection" : "BOTH",
                          "isMandatory" : "false"
                        },
                        "baseType" : "TEXT",
                        "description" : "",
                        "name" : "MailText",
                        "ordinal" : 0
                      }
                    }, {
                      "BaseType" : "STRING",
                      "Description" : "",
                      "ParameterName" : "RecipientMailAddress",
                      "ParmDef" : {
                        "aspects" : {
                          "bindingDirection" : "BOTH",
                          "isMandatory" : "false"
                        },
                        "baseType" : "STRING",
                        "description" : "",
                        "name" : "RecipientMailAddress",
                        "ordinal" : 0
                      }
                    }, {
                      "BaseType" : "HYPERLINK",
                      "Description" : "",
                      "ParameterName" : "URL",
                      "ParmDef" : {
                        "aspects" : {
                          "bindingDirection" : "BOTH",
                          "isMandatory" : "false"
                        },
                        "baseType" : "HYPERLINK",
                        "description" : "",
                        "name" : "URL",
                        "ordinal" : 0
                      }
                    }, {
                      "BaseType" : "STRING",
                      "Description" : "",
                      "ParameterName" : "UserGroup",
                      "ParmDef" : {
                        "aspects" : {
                          "bindingDirection" : "BOTH",
                          "isMandatory" : "false"
                        },
                        "baseType" : "STRING",
                        "description" : "",
                        "name" : "UserGroup",
                        "ordinal" : 0
                      }
                    } ],
                    "MissingMashupMessage" : "Mashup must be selected",
                    "PopupHeight" : "700",
                    "PopupScrollbar" : "auto",
                    "PopupTitle" : "Add  Send Report Data",
                    "PopupWidth" : "900",
                    "ReloadOnReplace" : false,
                    "ResponsiveLayout" : false,
                    "RoundedCorners" : true,
                    "ShowDataLoading" : true,
                    "TabSequence" : 0,
                    "TargetMashup" : "KBAddOrUpdateSendingReportDataMashupTWXV9",
                    "TargetWindow" : "new",
                    "TargetWindowType" : "modal-popup",
                    "Text" : "tw.navigationfunction-ide.properties.text.default-value",
                    "Top" : 0,
                    "Type" : "navigationfunction",
                    "UseTheme" : true,
                    "Visible" : false,
                    "Z-index" : 10,
                    "__TypeDisplayName" : "Navigation",
                    "_currentParameterDefs" : [ {
                      "BaseType" : "STRING",
                      "Description" : "",
                      "ParameterName" : "AttachmentName",
                      "bindingDirection" : "Both",
                      "bindingType" : "Property",
                      "isBindingSource" : true,
                      "isBindingTarget" : true,
                      "name" : "AttachmentName",
                      "shown" : true
                    }, {
                      "BaseType" : "NUMBER",
                      "Description" : "",
                      "ParameterName" : "Frequency",
                      "bindingDirection" : "Both",
                      "bindingType" : "Property",
                      "isBindingSource" : true,
                      "isBindingTarget" : true,
                      "name" : "Frequency",
                      "shown" : true
                    }, {
                      "BaseType" : "STRING",
                      "Description" : "",
                      "ParameterName" : "InternalUserGroup",
                      "bindingDirection" : "Both",
                      "bindingType" : "Property",
                      "isBindingSource" : true,
                      "isBindingTarget" : true,
                      "name" : "InternalUserGroup",
                      "shown" : true
                    }, {
                      "BaseType" : "TEXT",
                      "Description" : "",
                      "ParameterName" : "MailSubject",
                      "bindingDirection" : "Both",
                      "bindingType" : "Property",
                      "isBindingSource" : true,
                      "isBindingTarget" : true,
                      "name" : "MailSubject",
                      "shown" : true
                    }, {
                      "BaseType" : "TEXT",
                      "Description" : "",
                      "ParameterName" : "MailText",
                      "bindingDirection" : "Both",
                      "bindingType" : "Property",
                      "isBindingSource" : true,
                      "isBindingTarget" : true,
                      "name" : "MailText",
                      "shown" : true
                    }, {
                      "BaseType" : "STRING",
                      "Description" : "",
                      "ParameterName" : "RecipientMailAddress",
                      "bindingDirection" : "Both",
                      "bindingType" : "Property",
                      "isBindingSource" : true,
                      "isBindingTarget" : true,
                      "name" : "RecipientMailAddress",
                      "shown" : true
                    }, {
                      "BaseType" : "INFOTABLE",
                      "DefaultValue" : {
                        "dataShape" : {
                          "fieldDefinitions" : {
                            "description" : {
                              "aspects" : { },
                              "baseType" : "STRING",
                              "description" : "Description",
                              "name" : "description",
                              "ordinal" : 0
                            },
                            "name" : {
                              "aspects" : {
                                "isPrimaryKey" : true
                              },
                              "baseType" : "STRING",
                              "description" : "Name",
                              "name" : "name",
                              "ordinal" : 0
                            },
                            "type" : {
                              "aspects" : {
                                "isPrimaryKey" : true
                              },
                              "baseType" : "STRING",
                              "description" : "Type",
                              "name" : "type",
                              "ordinal" : 0
                            }
                          },
                          "name" : "GroupMember"
                        },
                        "rows" : [ ]
                      },
                      "Description" : "",
                      "ParameterName" : "RecipientUsers",
                      "bindingDirection" : "Both",
                      "bindingType" : "Property",
                      "isBindingSource" : true,
                      "isBindingTarget" : true,
                      "name" : "RecipientUsers",
                      "shown" : true
                    }, {
                      "BaseType" : "HYPERLINK",
                      "Description" : "",
                      "ParameterName" : "URL",
                      "bindingDirection" : "Both",
                      "bindingType" : "Property",
                      "isBindingSource" : true,
                      "isBindingTarget" : true,
                      "name" : "URL",
                      "shown" : true
                    }, {
                      "BaseType" : "STRING",
                      "Description" : "",
                      "ParameterName" : "UserGroup",
                      "bindingDirection" : "Both",
                      "bindingType" : "Property",
                      "isBindingSource" : true,
                      "isBindingTarget" : true,
                      "name" : "UserGroup",
                      "shown" : true
                    } ]
                  },
                  "Widgets" : [ ]
                }, {
                  "Properties" : {
                    "Area" : "UI",
                    "ClickOutsideToClose" : false,
                    "CloseButton" : true,
                    "DisplayName" : "EditNavigate",
                    "Id" : "navigationfunction-10",
                    "LastContainer" : false,
                    "Left" : null,
                    "MashupParameters" : [ {
                      "BaseType" : "STRING",
                      "Description" : "",
                      "ParameterName" : "InternalUserGroup",
                      "ParmDef" : {
                        "aspects" : {
                          "bindingDirection" : "BOTH",
                          "isMandatory" : "false"
                        },
                        "baseType" : "STRING",
                        "description" : "",
                        "name" : "InternalUserGroup",
                        "ordinal" : 0
                      }
                    }, {
                      "BaseType" : "TEXT",
                      "Description" : "",
                      "ParameterName" : "MailSubject",
                      "ParmDef" : {
                        "aspects" : {
                          "bindingDirection" : "BOTH",
                          "isMandatory" : "false"
                        },
                        "baseType" : "TEXT",
                        "description" : "",
                        "name" : "MailSubject",
                        "ordinal" : 0
                      }
                    }, {
                      "BaseType" : "STRING",
                      "Description" : "",
                      "ParameterName" : "AttachmentName",
                      "ParmDef" : {
                        "aspects" : {
                          "bindingDirection" : "BOTH",
                          "isMandatory" : "false"
                        },
                        "baseType" : "STRING",
                        "description" : "",
                        "name" : "AttachmentName",
                        "ordinal" : 0
                      }
                    }, {
                      "BaseType" : "BOOLEAN",
                      "Description" : "",
                      "ParameterName" : "closeMe",
                      "ParmDef" : {
                        "aspects" : {
                          "bindingDirection" : "BOTH",
                          "isMandatory" : "false"
                        },
                        "baseType" : "BOOLEAN",
                        "description" : "",
                        "name" : "closeMe",
                        "ordinal" : 0
                      }
                    }, {
                      "BaseType" : "INFOTABLE",
                      "Description" : "",
                      "ParameterName" : "RecipientUsers",
                      "ParmDef" : {
                        "aspects" : {
                          "bindingDirection" : "BOTH",
                          "dataShape" : "GroupMember",
                          "isMandatory" : "false"
                        },
                        "baseType" : "INFOTABLE",
                        "description" : "",
                        "name" : "RecipientUsers",
                        "ordinal" : 0
                      }
                    }, {
                      "BaseType" : "NUMBER",
                      "Description" : "",
                      "ParameterName" : "Frequency",
                      "ParmDef" : {
                        "aspects" : {
                          "bindingDirection" : "BOTH",
                          "isMandatory" : "false"
                        },
                        "baseType" : "NUMBER",
                        "description" : "",
                        "name" : "Frequency",
                        "ordinal" : 0
                      }
                    }, {
                      "BaseType" : "TEXT",
                      "Description" : "",
                      "ParameterName" : "MailText",
                      "ParmDef" : {
                        "aspects" : {
                          "bindingDirection" : "BOTH",
                          "isMandatory" : "false"
                        },
                        "baseType" : "TEXT",
                        "description" : "",
                        "name" : "MailText",
                        "ordinal" : 0
                      }
                    }, {
                      "BaseType" : "STRING",
                      "Description" : "",
                      "ParameterName" : "RecipientMailAddress",
                      "ParmDef" : {
                        "aspects" : {
                          "bindingDirection" : "BOTH",
                          "isMandatory" : "false"
                        },
                        "baseType" : "STRING",
                        "description" : "",
                        "name" : "RecipientMailAddress",
                        "ordinal" : 0
                      }
                    }, {
                      "BaseType" : "HYPERLINK",
                      "Description" : "",
                      "ParameterName" : "URL",
                      "ParmDef" : {
                        "aspects" : {
                          "bindingDirection" : "BOTH",
                          "isMandatory" : "false"
                        },
                        "baseType" : "HYPERLINK",
                        "description" : "",
                        "name" : "URL",
                        "ordinal" : 0
                      }
                    }, {
                      "BaseType" : "STRING",
                      "Description" : "",
                      "ParameterName" : "UserGroup",
                      "ParmDef" : {
                        "aspects" : {
                          "bindingDirection" : "BOTH",
                          "isMandatory" : "false"
                        },
                        "baseType" : "STRING",
                        "description" : "",
                        "name" : "UserGroup",
                        "ordinal" : 0
                      }
                    } ],
                    "MissingMashupMessage" : "",
                    "PopupHeight" : "700",
                    "PopupScrollbar" : "auto",
                    "PopupTitle" : "",
                    "PopupWidth" : "900",
                    "ReloadOnReplace" : false,
                    "ResponsiveLayout" : false,
                    "ShowDataLoading" : true,
                    "TargetMashup" : "KBAddOrUpdateSendingReportDataMashupTWXV9",
                    "TargetWindow" : "new",
                    "TargetWindowType" : "popup",
                    "Text" : "tw.navigationfunction-ide.properties.text.default-value",
                    "Top" : null,
                    "Type" : "navigationfunction",
                    "Visible" : true,
                    "Z-index" : 10,
                    "__TypeDisplayName" : "navigationfunction",
                    "_currentParameterDefs" : [ {
                      "BaseType" : "STRING",
                      "Description" : "",
                      "ParameterName" : "AttachmentName",
                      "bindingDirection" : "Both",
                      "bindingType" : "Property",
                      "isBindingSource" : true,
                      "isBindingTarget" : true,
                      "name" : "AttachmentName",
                      "shown" : true
                    }, {
                      "BaseType" : "NUMBER",
                      "Description" : "",
                      "ParameterName" : "Frequency",
                      "bindingDirection" : "Both",
                      "bindingType" : "Property",
                      "isBindingSource" : true,
                      "isBindingTarget" : true,
                      "name" : "Frequency",
                      "shown" : true
                    }, {
                      "BaseType" : "STRING",
                      "Description" : "",
                      "ParameterName" : "InternalUserGroup",
                      "bindingDirection" : "Both",
                      "bindingType" : "Property",
                      "isBindingSource" : true,
                      "isBindingTarget" : true,
                      "name" : "InternalUserGroup",
                      "shown" : true
                    }, {
                      "BaseType" : "TEXT",
                      "Description" : "",
                      "ParameterName" : "MailSubject",
                      "bindingDirection" : "Both",
                      "bindingType" : "Property",
                      "isBindingSource" : true,
                      "isBindingTarget" : true,
                      "name" : "MailSubject",
                      "shown" : true
                    }, {
                      "BaseType" : "TEXT",
                      "Description" : "",
                      "ParameterName" : "MailText",
                      "bindingDirection" : "Both",
                      "bindingType" : "Property",
                      "isBindingSource" : true,
                      "isBindingTarget" : true,
                      "name" : "MailText",
                      "shown" : true
                    }, {
                      "BaseType" : "STRING",
                      "Description" : "",
                      "ParameterName" : "RecipientMailAddress",
                      "bindingDirection" : "Both",
                      "bindingType" : "Property",
                      "isBindingSource" : true,
                      "isBindingTarget" : true,
                      "name" : "RecipientMailAddress",
                      "shown" : true
                    }, {
                      "BaseType" : "INFOTABLE",
                      "DefaultValue" : {
                        "dataShape" : {
                          "fieldDefinitions" : {
                            "description" : {
                              "aspects" : { },
                              "baseType" : "STRING",
                              "description" : "Description",
                              "name" : "description",
                              "ordinal" : 0
                            },
                            "name" : {
                              "aspects" : {
                                "isPrimaryKey" : true
                              },
                              "baseType" : "STRING",
                              "description" : "Name",
                              "name" : "name",
                              "ordinal" : 0
                            },
                            "type" : {
                              "aspects" : {
                                "isPrimaryKey" : true
                              },
                              "baseType" : "STRING",
                              "description" : "Type",
                              "name" : "type",
                              "ordinal" : 0
                            }
                          },
                          "name" : "GroupMember"
                        },
                        "rows" : [ ]
                      },
                      "Description" : "",
                      "ParameterName" : "RecipientUsers",
                      "bindingDirection" : "Both",
                      "bindingType" : "Property",
                      "isBindingSource" : true,
                      "isBindingTarget" : true,
                      "name" : "RecipientUsers",
                      "shown" : true
                    }, {
                      "BaseType" : "HYPERLINK",
                      "Description" : "",
                      "ParameterName" : "URL",
                      "bindingDirection" : "Both",
                      "bindingType" : "Property",
                      "isBindingSource" : true,
                      "isBindingTarget" : true,
                      "name" : "URL",
                      "shown" : true
                    }, {
                      "BaseType" : "STRING",
                      "Description" : "",
                      "ParameterName" : "UserGroup",
                      "bindingDirection" : "Both",
                      "bindingType" : "Property",
                      "isBindingSource" : true,
                      "isBindingTarget" : true,
                      "name" : "UserGroup",
                      "shown" : true
                    } ]
                  },
                  "Widgets" : [ ]
                }, {
                  "Properties" : {
                    "Area" : "UI",
                    "AutoEvaluate" : false,
                    "DataChangeType" : "ALWAYS",
                    "DisplayName" : "Expression1",
                    "Expression" : "false;",
                    "FireOnFirstValue" : false,
                    "Height" : 28,
                    "Id" : "expression-14",
                    "LastContainer" : false,
                    "Left" : null,
                    "OutputBaseType" : "BOOLEAN",
                    "ResponsiveLayout" : false,
                    "ShowDataLoading" : true,
                    "Top" : null,
                    "Type" : "expression",
                    "Visible" : true,
                    "Width" : 200,
                    "Z-index" : 10,
                    "__TypeDisplayName" : "Expression",
                    "_currentParameterDefs" : [ ]
                  },
                  "Widgets" : [ ]
                } ]
              },
              "mashupType" : "mashup"
            }
            ]]>
            </mashupContent>
            <preview></preview>
        </Mashup>
    </Mashups>
</Entities>
