<?xml version="1.0" encoding="UTF-8"?>
<Entities
 build="b527"
 majorVersion="9"
 minorVersion="0"
 modelPersistenceProviderPackage="MssqlPersistenceProviderPackage"
 revision="8"
 schemaVersion="1107"
 universal="password">
    <Things>
        <Thing
         description=""
         documentationContent=""
         effectiveThingPackage="TimerThing"
         enabled="true"
         homeMashup=""
         identifier=""         
         lastModifiedDate="2021-08-27T12:22:54.232Z"
         name="KBSendReportsTimer_V1"
         projectName=""
         published="false"
         tags=""
         thingTemplate="KBTimerTemplate_V1"
         valueStream="">
            <avatar></avatar>
            <DesignTimePermissions>
                <Create></Create>
                <Read></Read>
                <Update></Update>
                <Delete></Delete>
                <Metadata></Metadata>
            </DesignTimePermissions>
            <RunTimePermissions></RunTimePermissions>
            <VisibilityPermissions>
                <Visibility></Visibility>
            </VisibilityPermissions>
            <ConfigurationTableDefinitions></ConfigurationTableDefinitions>
            <ConfigurationTables>
                <ConfigurationTable
                 
                 description="General Settings"
                 isHidden="true"
                 isMultiRow="false"
                 name="Settings"
                 ordinal="0">
                    <DataShape>
                        <FieldDefinitions>
                            <FieldDefinition
                             aspect.defaultValue="true"
                             baseType="BOOLEAN"
                             description="Automatically enable timer on startup"
                             name="enabled"
                             ordinal="0"></FieldDefinition>
                            <FieldDefinition
                             baseType="USERNAME"
                             description="User context in which to run event handlers"
                             name="runAsUser"
                             ordinal="0"></FieldDefinition>
                            <FieldDefinition
                             aspect.defaultValue="60000.0"
                             baseType="NUMBER"
                             description="Update rate"
                             name="updateRate"
                             ordinal="0"></FieldDefinition>
                        </FieldDefinitions>
                    </DataShape>
                    <Rows>
                        <Row>
                            <enabled>true</enabled>
                            <runAsUser>
                            <![CDATA[Administrator]]>
                            </runAsUser>
                            <updateRate>3600000.0</updateRate>
                        </Row>
                    </Rows>
                </ConfigurationTable>
            </ConfigurationTables>
            <ThingShape>
                <PropertyDefinitions></PropertyDefinitions>
                <ServiceDefinitions>
                    <ServiceDefinition
                     aspect.isAsync="false"
                     category=""
                     description=""
                     isAllowOverride="false"
                     isLocalOnly="false"
                     isOpen="false"
                     isPrivate="false"
                     name="SendReportsToUsers">
                        <ResultType
                         baseType="NOTHING"
                         description=""
                         name="result"
                         ordinal="0"></ResultType>
                        <ParameterDefinitions></ParameterDefinitions>
                    </ServiceDefinition>
                </ServiceDefinitions>
                <EventDefinitions></EventDefinitions>
                <ServiceMappings></ServiceMappings>
                <ServiceImplementations>
                    <ServiceImplementation
                     description=""
                     handlerName="Script"
                     name="SendReportsToUsers">
                        <ConfigurationTables>
                            <ConfigurationTable
                             
                             description=""
                             isMultiRow="false"
                             name="Script"
                             ordinal="0">
                                <DataShape>
                                    <FieldDefinitions>
                                        <FieldDefinition
                                         baseType="STRING"
                                         description="code"
                                         name="code"
                                         ordinal="0"></FieldDefinition>
                                    </FieldDefinitions>
                                </DataShape>
                                <Rows>
                                    <Row>
                                        <code>
                                        <![CDATA[
//Run this Timer on hourly base (3600000ms)

//var result = 0;
                                        
logger.debug("KBSendReportsTimer_V1: SendReportsToUsers started");
if (me.isActive){
	logger.debug("KBSendReportsTimer_V1: SendReportsToUsers isActive");
    if (!me.isRunning){
		logger.debug("KBSendReportsTimer_V1: SendReportsToUsers isNotRunning");
        me.isRunning=true;
        me.LastRunStart=new Date();
        me.LastRunResult="OK";
        try {
			var currentDayStart =  Things["KBTimeHelperThing"].GetCurrentDayStart();
			var difference = dateDifference(me.LastRunStart,currentDayStart)/1000/60/60;
			
            //Place code for "every hour"
             var everyHourInfotable = Things["KbSendReportDatatable"].QueryDataTableEntries({
                    maxItems: undefined /* NUMBER */,
                    values: undefined /* INFOTABLE */,
                    query: generateQuery(1) /* QUERY */,
                    source: undefined /* STRING */,
                    tags: undefined /* TAGS */
                });
                if(everyHourInfotable.rows.length>0){
                    logger.debug("KBSendReportsTimer_V1: SendReportsToUsers Sending mail on hourly basis");
                    SendEmail(everyHourInfotable); 
                    logger.debug("KBSendReportsTimer_V1: SendReportsToUsers mail sent on hourly basis");
                }   
            
            if (difference < 1){
                //Place code for "every 24h"
                // result: INFOTABLE dataShape: ""
                var every24HoursInfotable = Things["KbSendReportDatatable"].QueryDataTableEntries({
                    maxItems: undefined /* NUMBER */,
                    values: undefined /* INFOTABLE */,
                    query: generateQuery(24) /* QUERY */,
                    source: undefined /* STRING */,
                    tags: undefined /* TAGS */
                });
                if(every24HoursInfotable.rows.length>0){
                    logger.debug("KBSendReportsTimer_V1: SendReportsToUsers Sending mail on 24 hourly basis");
                    SendEmail(every24HoursInfotable);
                    logger.debug("KBSendReportsTimer_V1: SendReportsToUsers mail sent on 24 hourly basis");
                }
            }
            else if (difference < 1 || (difference >= 12 && difference < 13)){
	            //Place code for "every 12h"                
                 var every12HoursInfotable = Things["KbSendReportDatatable"].QueryDataTableEntries({
                    maxItems: undefined /* NUMBER */,
                    values: undefined /* INFOTABLE */,
                    query: generateQuery(12) /* QUERY */,
                    source: undefined /* STRING */,
                    tags: undefined /* TAGS */
                });
                if(every12HoursInfotable.rows.length>0){
                    logger.debug("KBSendReportsTimer_V1: SendReportsToUsers sending mail on 12 hourly basis");
                    SendEmail(every12HoursInfotable);
                    logger.debug("KBSendReportsTimer_V1: SendReportsToUsers mail sent on 12 hourly basis");
                }
            }

            else if (difference < 1 || (difference >= 6 && difference < 7) || (difference >= 12 && difference < 13) || (difference >= 18 && difference < 19)){
	            //Place code for "every 6h"
                 var every6HoursInfotable = Things["KbSendReportDatatable"].QueryDataTableEntries({
                    maxItems: undefined /* NUMBER */,
                    values: undefined /* INFOTABLE */,
                    query: generateQuery(6) /* QUERY */,
                    source: undefined /* STRING */,
                    tags: undefined /* TAGS */
                });
                if(every6HoursInfotable.rows.length>0){
                    logger.debug("KBSendReportsTimer_V1: SendReportsToUsers Sending mail on 6 hourly basis");
                    SendEmail(every6HoursInfotable);
                    logger.debug("KBSendReportsTimer_V1: SendReportsToUsers mail sent on 6 hourly basis");
                }
            }
        } catch(err) {
            logger.error("KBSendReportsTimer_V1: SendReportsToUsers error "+err);
	        me.LastRunResult=err;
        }
        me.LastRunEnd=new Date();
        me.isRunning=false;
    }
}
logger.debug("KBSendReportsTimer_V1: SendReportsToUsers finalized");


function generateQuery(value){
    var queryParam = {
			   "filters":{
			      "type": "EQ",
      			  "fieldName": "Frequency",
      			  "value": value
   }
}; 
    return queryParam;
}

function SendEmail(infotable){
    var tableLength = infotable.rows.length;
    for (var x=0; x < tableLength; x++) {
        var row = infotable.rows[x];

        logger.debug("KBSendReportsTimer_V1: SendReportsToUsers/SendEmail ReportName: "+row.Name+", MailAddress: "+row.RecipientMailAddress+", MailSubject: "+row.MailSubject+", MailText: "+row.MailText+", URL: "+row.URL);
        Things["KBReportManagementhelperThing"].SendMailToUsersService({
            ReportName: row.Name /* STRING */,
            MailAddress: row.RecipientMailAddress /* STRING */,
            MailSubject: row.MailSubject /* TEXT */,
            MailText: row.MailText  /* TEXT */,
            URL: row.URL /* HYPERLINK */
        });        
    }   
}
                                        ]]>
                                        </code>
                                    </Row>
                                </Rows>
                            </ConfigurationTable>
                        </ConfigurationTables>
                    </ServiceImplementation>
                </ServiceImplementations>
                <Subscriptions>
                    <Subscription
                     description=""
                     enabled="true"
                     eventName="Timer"
                     name="SendReportSubscription"
                     source=""
                     sourceProperty=""
                     sourceType="Thing">
                        <ServiceImplementation
                         description=""
                         handlerName="Script"
                         name="SendReportSubscription">
                            <ConfigurationTables>
                                <ConfigurationTable
                                 
                                 description=""
                                 isMultiRow="false"
                                 name="Script"
                                 ordinal="0">
                                    <DataShape>
                                        <FieldDefinitions>
                                            <FieldDefinition
                                             baseType="STRING"
                                             description="code"
                                             name="code"
                                             ordinal="0"></FieldDefinition>
                                        </FieldDefinitions>
                                    </DataShape>
                                    <Rows>
                                        <Row>
                                            <code>
                                            <![CDATA[
                                            logger.debug("KBSendReportsTimer_V1: SendReportSubscription triggered");
                                            me.SendReportsToUsers();
                                            logger.debug("KBSendReportsTimer_V1: SendReportSubscription ended");
                                            ]]>
                                            </code>
                                        </Row>
                                    </Rows>
                                </ConfigurationTable>
                            </ConfigurationTables>
                        </ServiceImplementation>
                    </Subscription>
                </Subscriptions>
            </ThingShape>
            <PropertyBindings></PropertyBindings>
            <RemotePropertyBindings></RemotePropertyBindings>
            <RemoteServiceBindings></RemoteServiceBindings>
            <RemoteEventBindings></RemoteEventBindings>
            <AlertConfigurations></AlertConfigurations>
            <ImplementedShapes></ImplementedShapes>
            <ThingProperties>
                <isActive>
                    <Value>true</Value>
                    <Timestamp>2021-08-20T06:46:45.576Z</Timestamp>
                    <Quality>GOOD</Quality>
                </isActive>
            </ThingProperties>
        </Thing>
    </Things>
</Entities>
