<?xml version="1.0" encoding="UTF-8"?>
<Entities
 majorVersion="9"
 minorVersion="3"
 universal="password">
    <Things>
        <Thing
         description=""
         documentationContent=""
         effectiveThingPackage="SchedulerThing"
         enabled="true"
         homeMashup=""
         identifier=""
         inheritedValueStream=""
         name="KBSFMReportScheduler"
         projectName="PTCDefaultProject"
         published="false"
         tags=""
         thingTemplate="Scheduler"
         valueStream="">
            <avatar></avatar>
            <DesignTimePermissions>
                <Create></Create>
                <Read></Read>
                <Update></Update>
                <Delete></Delete>
                <Metadata></Metadata>
            </DesignTimePermissions>
            <RunTimePermissions></RunTimePermissions>
            <VisibilityPermissions>
                <Visibility></Visibility>
            </VisibilityPermissions>
            <ConfigurationTableDefinitions></ConfigurationTableDefinitions>
            <ConfigurationTables>
                <ConfigurationTable
                 dataShapeName=""
                 description="General Settings"
                 isHidden="true"
                 isMultiRow="false"
                 name="Settings"
                 ordinal="0">
                    <DataShape>
                        <FieldDefinitions>
                            <FieldDefinition
                             aspect.defaultValue="true"
                             baseType="BOOLEAN"
                             description="Automatically enable scheduler on startup"
                             name="enabled"
                             ordinal="0"></FieldDefinition>
                            <FieldDefinition
                             baseType="USERNAME"
                             description="User context in which to run event handlers"
                             name="runAsUser"
                             ordinal="0"></FieldDefinition>
                            <FieldDefinition
                             aspect.defaultValue="0 0/1 * * * ?"
                             baseType="SCHEDULE"
                             description="Execution Schedule (Cron String)"
                             name="schedule"
                             ordinal="0"></FieldDefinition>
                        </FieldDefinitions>
                    </DataShape>
                    <Rows>
                        <Row>
                            <enabled>true</enabled>
                            <runAsUser>
                            <![CDATA[
                            Administrator
                            ]]>
                            </runAsUser>
                            <schedule>
                            <![CDATA[
                            0 0 5 ? * * *
                            ]]>
                            </schedule>
                        </Row>
                    </Rows>
                </ConfigurationTable>
            </ConfigurationTables>
            <ThingShape>
                <PropertyDefinitions>
                    <PropertyDefinition
                     aspect.cacheTime="0.0"
                     aspect.dataChangeType="VALUE"
                     aspect.defaultValue="DailySFMReport"
                     aspect.isPersistent="true"
                     baseType="STRING"
                     category=""
                     description=""
                     isLocalOnly="false"
                     name="DailyReportName"
                     ordinal="13"></PropertyDefinition>
                    <PropertyDefinition
                     aspect.cacheTime="0.0"
                     aspect.dataChangeType="VALUE"
                     aspect.defaultValue="https://smartproductionald.corp.knorr-bremse.com/Thingworx/Runtime/index.html?mashup=KBSFMDailyMainMashup"
                     aspect.isPersistent="true"
                     baseType="HYPERLINK"
                     category=""
                     description=""
                     isLocalOnly="false"
                     name="DailyReportURL"
                     ordinal="6"></PropertyDefinition>
                    <PropertyDefinition
                     aspect.cacheTime="0.0"
                     aspect.dataChangeType="VALUE"
                     baseType="BOOLEAN"
                     category=""
                     description=""
                     isLocalOnly="false"
                     name="isRunning"
                     ordinal="2"></PropertyDefinition>
                    <PropertyDefinition
                     aspect.cacheTime="0.0"
                     aspect.dataChangeType="VALUE"
                     aspect.isPersistent="true"
                     baseType="DATETIME"
                     category=""
                     description=""
                     isLocalOnly="false"
                     name="LastRunEnd"
                     ordinal="4"></PropertyDefinition>
                    <PropertyDefinition
                     aspect.cacheTime="0.0"
                     aspect.dataChangeType="VALUE"
                     aspect.isPersistent="true"
                     baseType="STRING"
                     category=""
                     description=""
                     isLocalOnly="false"
                     name="LastRunResult"
                     ordinal="5"></PropertyDefinition>
                    <PropertyDefinition
                     aspect.cacheTime="0.0"
                     aspect.dataChangeType="VALUE"
                     aspect.isPersistent="true"
                     baseType="DATETIME"
                     category=""
                     description=""
                     isLocalOnly="false"
                     name="LastRunStart"
                     ordinal="3"></PropertyDefinition>
                    <PropertyDefinition
                     aspect.cacheTime="0.0"
                     aspect.dataChangeType="VALUE"
                     aspect.isPersistent="true"
                     baseType="STRING"
                     category=""
                     description=""
                     isLocalOnly="false"
                     name="mailReceipient"
                     ordinal="10"></PropertyDefinition>
                    <PropertyDefinition
                     aspect.cacheTime="0.0"
                     aspect.dataChangeType="VALUE"
                     aspect.isPersistent="true"
                     baseType="STRING"
                     category=""
                     description=""
                     isLocalOnly="false"
                     name="MailSubject"
                     ordinal="9"></PropertyDefinition>
                    <PropertyDefinition
                     aspect.cacheTime="0.0"
                     aspect.dataChangeType="VALUE"
                     aspect.isPersistent="true"
                     baseType="TEXT"
                     category=""
                     description=""
                     isLocalOnly="false"
                     name="MailText"
                     ordinal="8"></PropertyDefinition>
                    <PropertyDefinition
                     aspect.cacheTime="0.0"
                     aspect.dataChangeType="VALUE"
                     aspect.defaultValue="MechatronicsReport"
                     baseType="STRING"
                     category=""
                     description=""
                     isLocalOnly="false"
                     name="ReportName"
                     ordinal="0"></PropertyDefinition>
                    <PropertyDefinition
                     aspect.cacheTime="0.0"
                     aspect.dataChangeType="VALUE"
                     aspect.defaultValue="WeeklySFMReport"
                     aspect.isPersistent="true"
                     baseType="STRING"
                     category=""
                     description=""
                     isLocalOnly="false"
                     name="WeeklyReportName"
                     ordinal="14"></PropertyDefinition>
                    <PropertyDefinition
                     aspect.cacheTime="0.0"
                     aspect.dataChangeType="VALUE"
                     aspect.defaultValue="https://smartproductionald.corp.knorr-bremse.com/Thingworx/Runtime/index.html?mashup=KBSFMWeeklyMainMashup"
                     aspect.isPersistent="true"
                     baseType="HYPERLINK"
                     category=""
                     description=""
                     isLocalOnly="false"
                     name="WeeklyReportURL"
                     ordinal="7"></PropertyDefinition>
                </PropertyDefinitions>
                <ServiceDefinitions>
                    <ServiceDefinition
                     aspect.isAsync="false"
                     category=""
                     description=""
                     isAllowOverride="false"
                     isLocalOnly="false"
                     isOpen="false"
                     isPrivate="false"
                     name="SendSFMReportToUsers">
                        <ResultType
                         baseType="NOTHING"
                         description=""
                         name="result"
                         ordinal="0"></ResultType>
                        <ParameterDefinitions></ParameterDefinitions>
                    </ServiceDefinition>
                    <ServiceDefinition
                     aspect.isAsync="false"
                     category=""
                     description=""
                     isAllowOverride="false"
                     isLocalOnly="false"
                     isOpen="false"
                     isPrivate="false"
                     name="SendSFMReportToUsersService">
                        <ResultType
                         baseType="NOTHING"
                         description=""
                         name="result"
                         ordinal="0"></ResultType>
                        <ParameterDefinitions></ParameterDefinitions>
                    </ServiceDefinition>
                    <ServiceDefinition
                     aspect.isAsync="false"
                     category=""
                     description=""
                     isAllowOverride="false"
                     isLocalOnly="false"
                     isOpen="false"
                     isPrivate="false"
                     name="SetSchedulerEventExecutionTime">
                        <ResultType
                         baseType="NOTHING"
                         description=""
                         name="result"
                         ordinal="0"></ResultType>
                        <ParameterDefinitions></ParameterDefinitions>
                    </ServiceDefinition>
                </ServiceDefinitions>
                <EventDefinitions></EventDefinitions>
                <ServiceMappings></ServiceMappings>
                <ServiceImplementations>
                    <ServiceImplementation
                     description=""
                     handlerName="Script"
                     name="SendSFMReportToUsers">
                        <ConfigurationTables>
                            <ConfigurationTable
                             dataShapeName=""
                             description=""
                             isMultiRow="false"
                             name="Script"
                             ordinal="0">
                                <DataShape>
                                    <FieldDefinitions>
                                        <FieldDefinition
                                         baseType="STRING"
                                         description="code"
                                         name="code"
                                         ordinal="0"></FieldDefinition>
                                    </FieldDefinitions>
                                </DataShape>
                                <Rows>
                                    <Row>
                                        <code>
                                        <![CDATA[
                                        var result = "OK";
                                        if (!me.isRunning) {
                                        	me.isRunning= true;
                                            logger.debug("KBSFMReportScheduler: SendSFMReportToUsers");	                
                                            try {
                                        		var currentDate = new Date();
                                                me.LastRunStart = currentDate;
                                                // result: INFOTABLE dataShape: ""
                                        		
                                                Things["KBReportManagementhelperThing"].SendSFMReportMailToUsers({
                                        		DailyReportURL: me.DailyReportURL/* HYPERLINK */,
                                        		ReportName: me.ReportName /* STRING */,
                                        		MailAddress: me.mailReceipient /* STRING */,
                                        		MailSubject: me.MailSubject/* TEXT */,
                                        		MailText: me.MailText /* TEXT */,
                                        		WeeklyReportURL: me.WeeklyReportURL /* HYPERLINK */
                                        });
                                        		
                                        			
                                        	    me.LastRunEnd = new Date();
                                            } catch(err) {
                                                logger.error("KBSFMReportScheduler: SendSFMReportToUsers error "+err);	                
                                        		result = "Error: "+err;
                                            }
                                            logger.debug("KBSFMReportScheduler: SendSFMReportToUsers OK");	                
                                        	me.isRunning = false;
                                        } else {
                                        	result = "Process is currently running, please try later again.";
                                        }
                                        
                                        me.LastRunResult = result;
                                        ]]>
                                        </code>
                                    </Row>
                                </Rows>
                            </ConfigurationTable>
                        </ConfigurationTables>
                    </ServiceImplementation>
                    <ServiceImplementation
                     description=""
                     handlerName="Script"
                     name="SendSFMReportToUsersService">
                        <ConfigurationTables>
                            <ConfigurationTable
                             dataShapeName=""
                             description=""
                             isMultiRow="false"
                             name="Script"
                             ordinal="0">
                                <DataShape>
                                    <FieldDefinitions>
                                        <FieldDefinition
                                         baseType="STRING"
                                         description="code"
                                         name="code"
                                         ordinal="0"></FieldDefinition>
                                    </FieldDefinitions>
                                </DataShape>
                                <Rows>
                                    <Row>
                                        <code>
                                        <![CDATA[
                                        var result = "OK";
                                        if (!me.isRunning) {
                                        	me.isRunning = true;
                                        	logger.debug("KBSFMReportScheduler: SendSFMReportToUsers");
                                        	try {
                                        		var currentDate = new Date();
                                        		me.LastRunStart = currentDate;
                                        		//result: INFOTABLE dataShape: ""
                                                
                                        		Things["KBReportManagementhelperThing"].SendSFMReportMailToUsersService({
                                        			DailyReportURL: me.DailyReportURL /* HYPERLINK */ ,
                                        			MailAddress: me.mailReceipient /* STRING */ ,
                                        			MailSubject: me.MailSubject /* TEXT */ ,
                                        			MailText: me.MailText /* TEXT */ ,
                                        			WeeklyReportURL: me.WeeklyReportURL /* HYPERLINK */ ,
                                        			DailyReportName: me.DailyReportName/* STRING */ ,
                                        			WeeklyReportName: me.WeeklyReportName/* STRING */
                                        		});       
                                        
                                        		me.LastRunEnd = new Date();
                                        	} catch (err) {
                                        		logger.error("KBSFMReportScheduler: SendSFMReportToUsers error "+err);
                                        		result = "Error: " + err;
                                        	}
                                        	logger.debug("KBSFMReportScheduler: SendSFMReportToUsers OK");
                                        	me.isRunning = false;
                                        } else {
                                        	result = "Process is currently running, please try later again.";
                                        }
                                        
                                        me.LastRunResult= result;
                                        ]]>
                                        </code>
                                    </Row>
                                </Rows>
                            </ConfigurationTable>
                        </ConfigurationTables>
                    </ServiceImplementation>
                    <ServiceImplementation
                     description=""
                     handlerName="Script"
                     name="SetSchedulerEventExecutionTime">
                        <ConfigurationTables>
                            <ConfigurationTable
                             dataShapeName=""
                             description=""
                             isMultiRow="false"
                             name="Script"
                             ordinal="0">
                                <DataShape>
                                    <FieldDefinitions>
                                        <FieldDefinition
                                         baseType="STRING"
                                         description="code"
                                         name="code"
                                         ordinal="0"></FieldDefinition>
                                    </FieldDefinitions>
                                </DataShape>
                                <Rows>
                                    <Row>
                                        <code>
                                        <![CDATA[
                                        var CurrentDayEndWithOffset = Things["KBTimeHelperThing"].GetCurrentDayEndWithOffset({
                                        	FullTimeSlot: undefined /* BOOLEAN */,
                                        	OffsetInMinutes: undefined /* INTEGER */
                                        });
                                        
                                        var date = new Date(CurrentDayEndWithOffset);
                                        
                                        const hours=date.getHours().toString();
                                        const minutes= date.getMinutes().toString();
                                        
                                        
                                        //result=minutes;
                                        var sch = Things["KBSFMReportScheduler"];
                                        
                                        var params = {
                                        
                                          tableName: "Settings" /* STRING */
                                        
                                        };
                                        
                                        var ext = sch.GetConfigurationTable(params);
                                        //
                                        var x = ext.getRow(0);
                                        //
                                        logger.error("cron::"+"0 " + minutes + " " + hours + " ? * * *");
                                        
                                        //x.SetStringValue("schedule", "0 0 5 ? * * *");
                                        x.SetStringValue("schedule", "0 " + minutes + " " + hours + " ? * * *");
                                        
                                        x.SetBooleanValue("enabled", true);
                                        
                                        x.SetStringValue("runAsUser", "Administrator");
                                        
                                        var paramsSet = {
                                        
                                          configurationTable: ext /* INFOTABLE */,
                                        
                                          persistent: true /* BOOLEAN */,
                                        
                                          tableName: "Settings" /* STRING */
                                        
                                        };
                                        
                                        // no return
                                        
                                        sch.SetConfigurationTable(paramsSet);
                                        
                                     //   sch.EnableThing();
                                        //
                                   //     sch.RestartThing();
                                        ]]>
                                        </code>
                                    </Row>
                                </Rows>
                            </ConfigurationTable>
                        </ConfigurationTables>
                    </ServiceImplementation>
                </ServiceImplementations>
                <Subscriptions>
                    <Subscription
                     description=""
                     enabled="true"
                     eventName="ScheduledEvent"
                     name="SFMReportScheduler"
                     source=""
                     sourceProperty=""
                     sourceType="Thing">
                        <ServiceImplementation
                         description=""
                         handlerName="Script"
                         name="SFMReportScheduler">
                            <ConfigurationTables>
                                <ConfigurationTable
                                 dataShapeName=""
                                 description=""
                                 isMultiRow="false"
                                 name="Script"
                                 ordinal="0">
                                    <DataShape>
                                        <FieldDefinitions>
                                            <FieldDefinition
                                             baseType="STRING"
                                             description="code"
                                             name="code"
                                             ordinal="0"></FieldDefinition>
                                        </FieldDefinitions>
                                    </DataShape>
                                    <Rows>
                                        <Row>
                                            <code>
                                            <![CDATA[
                                            //me.SendSFMReportToUsers();
                                            me.SendSFMReportToUsersService();
                                            ]]>
                                            </code>
                                        </Row>
                                    </Rows>
                                </ConfigurationTable>
                            </ConfigurationTables>
                        </ServiceImplementation>
                    </Subscription>
                    <Subscription
                     description=""
                     enabled="true"
                     eventName="ThingStart"
                     name="Startup"
                     source=""
                     sourceProperty=""
                     sourceType="Thing">
                        <ServiceImplementation
                         description=""
                         handlerName="Script"
                         name="Startup">
                            <ConfigurationTables>
                                <ConfigurationTable
                                 dataShapeName=""
                                 description=""
                                 isMultiRow="false"
                                 name="Script"
                                 ordinal="0">
                                    <DataShape>
                                        <FieldDefinitions>
                                            <FieldDefinition
                                             baseType="STRING"
                                             description="code"
                                             name="code"
                                             ordinal="0"></FieldDefinition>
                                        </FieldDefinitions>
                                    </DataShape>
                                    <Rows>
                                        <Row>
                                            <code>
                                            <![CDATA[
                                            me.SetSchedulerEventExecutionTime();
                                            ]]>
                                            </code>
                                        </Row>
                                    </Rows>
                                </ConfigurationTable>
                            </ConfigurationTables>
                        </ServiceImplementation>
                    </Subscription>
                </Subscriptions>
            </ThingShape>
            <PropertyBindings></PropertyBindings>
            <RemotePropertyBindings></RemotePropertyBindings>
            <RemoteServiceBindings></RemoteServiceBindings>
            <RemoteEventBindings></RemoteEventBindings>
            <AlertConfigurations>
                <AlertDefinitions
                 name="DailyReportName"></AlertDefinitions>
                <AlertDefinitions
                 name="DailyReportURL"></AlertDefinitions>
                <AlertDefinitions
                 name="isRunning"></AlertDefinitions>
                <AlertDefinitions
                 name="LastRunEnd"></AlertDefinitions>
                <AlertDefinitions
                 name="LastRunResult"></AlertDefinitions>
                <AlertDefinitions
                 name="LastRunStart"></AlertDefinitions>
                <AlertDefinitions
                 name="mailReceipient"></AlertDefinitions>
                <AlertDefinitions
                 name="MailSubject"></AlertDefinitions>
                <AlertDefinitions
                 name="MailText"></AlertDefinitions>
                <AlertDefinitions
                 name="WeeklyReportName"></AlertDefinitions>
                <AlertDefinitions
                 name="WeeklyReportURL"></AlertDefinitions>
            </AlertConfigurations>
            <ImplementedShapes></ImplementedShapes>
            <ThingProperties>
                <LastRunEnd>
                    <Value>1970-01-01T00:00:00.000Z</Value>
                    <Timestamp>1970-01-01T00:00:00.000Z</Timestamp>
                    <Quality>UNKNOWN</Quality>
                </LastRunEnd>
                <mailReceipient>
                    <Value></Value>
                    <Timestamp>1970-01-01T00:00:00.000Z</Timestamp>
                    <Quality>UNKNOWN</Quality>
                </mailReceipient>
                <DailyReportURL>
                    <Value>
                    <![CDATA[
                    https://smartproductionald.corp.knorr-bremse.com/Thingworx/Runtime/index.html?mashup=KBSFMDailyMainMashup
                    ]]>
                    </Value>
                    <Timestamp>1970-01-01T00:00:00.000Z</Timestamp>
                    <Quality>UNKNOWN</Quality>
                </DailyReportURL>
                <MailSubject>
                    <Value></Value>
                    <Timestamp>1970-01-01T00:00:00.000Z</Timestamp>
                    <Quality>UNKNOWN</Quality>
                </MailSubject>
                <LastRunStart>
                    <Value>2023-08-11T05:00:00.001Z</Value>
                    <Timestamp>2023-08-11T05:00:00.001Z</Timestamp>
                    <Quality>GOOD</Quality>
                </LastRunStart>
                <MailText>
                    <Value></Value>
                    <Timestamp>1970-01-01T00:00:00.000Z</Timestamp>
                    <Quality>UNKNOWN</Quality>
                </MailText>
                <LastRunResult>
                    <Value></Value>
                    <Timestamp>1970-01-01T00:00:00.000Z</Timestamp>
                    <Quality>UNKNOWN</Quality>
                </LastRunResult>
                <WeeklyReportURL>
                    <Value>
                    <![CDATA[
                    https://smartproductionald.corp.knorr-bremse.com/Thingworx/Runtime/index.html?mashup=KBSFMWeeklyMainMashup
                    ]]>
                    </Value>
                    <Timestamp>1970-01-01T00:00:00.000Z</Timestamp>
                    <Quality>UNKNOWN</Quality>
                </WeeklyReportURL>
                <DailyReportName>
                    <Value>
                    <![CDATA[
                    DailySFMReport
                    ]]>
                    </Value>
                    <Timestamp>1970-01-01T00:00:00.000Z</Timestamp>
                    <Quality>UNKNOWN</Quality>
                </DailyReportName>
                <WeeklyReportName>
                    <Value>
                    <![CDATA[
                    WeeklySFMReport
                    ]]>
                    </Value>
                    <Timestamp>1970-01-01T00:00:00.000Z</Timestamp>
                    <Quality>UNKNOWN</Quality>
                </WeeklyReportName>
            </ThingProperties>
        </Thing>
    </Things>
</Entities>
