<?xml version="1.0" encoding="UTF-8"?>
<Entities
 build="b527"
 majorVersion="9"
 minorVersion="0"
 modelPersistenceProviderPackage="MssqlPersistenceProviderPackage"
 revision="8"
 schemaVersion="1107"
 universal="password">
    <Things>
        <Thing
         description=""
         documentationContent=""
         effectiveThingPackage="DataTableThing"
         enabled="true"
         homeMashup="DataTableEditor"
         identifier=""         
         lastModifiedDate="2021-09-24T09:40:55.824Z"
         name="KbSendReportDatatable"
         projectName=""
         published="false"
         tags=""
         thingTemplate="DataTable"
         valueStream="">
            <avatar></avatar>
            <DesignTimePermissions>
                <Create></Create>
                <Read></Read>
                <Update></Update>
                <Delete></Delete>
                <Metadata></Metadata>
            </DesignTimePermissions>
            <RunTimePermissions></RunTimePermissions>
            <VisibilityPermissions>
                <Visibility></Visibility>
            </VisibilityPermissions>
            <ConfigurationTableDefinitions></ConfigurationTableDefinitions>
            <ConfigurationTables>
                <ConfigurationTable                 
                 description="Data Thing Configuration"
                 isMultiRow="false"
                 name="DataThingSettings"
                 ordinal="0">
                    <DataShape>
                        <FieldDefinitions>
                            <FieldDefinition
                             baseType="STRING"
                             description="Persistence Provider Name"
                             name="persistenceProvider"
                             ordinal="0"></FieldDefinition>
                        </FieldDefinitions>
                    </DataShape>
                    <Rows>
                        <Row>
                            <persistenceProvider>
                            <![CDATA[
                            ThingworxPersistenceProvider
                            ]]>
                            </persistenceProvider>
                        </Row>
                    </Rows>
                </ConfigurationTable>
                <ConfigurationTable                 
                 description="Data Shape Configuration"
                 isMultiRow="false"
                 name="Settings"
                 ordinal="0">
                    <DataShape>
                        <FieldDefinitions>
                            <FieldDefinition
                             aspect.friendlyName="Data Shape"
                             baseType="DATASHAPENAME"
                             description="Data shape"
                             name="dataShape"
                             ordinal="0"></FieldDefinition>
                        </FieldDefinitions>
                    </DataShape>
                    <Rows>
                        <Row>
                            <accumulatedDataShape>
                                <json>
                                <![CDATA[
                                {"fieldDefinitions":{"InternalUserGroup":{"name":"InternalUserGroup","aspects":{"isPrimaryKey":false},"description":"","baseType":"STRING","ordinal":6},"MailSubject":{"name":"MailSubject","aspects":{"isPrimaryKey":false},"description":"","baseType":"TEXT","ordinal":1},"RecipientUsers":{"name":"RecipientUsers","aspects":{"isPrimaryKey":false,"dataShape":"GroupMember"},"description":"","baseType":"INFOTABLE","ordinal":7},"Frequency":{"name":"Frequency","aspects":{"isPrimaryKey":false},"description":"","baseType":"NUMBER","ordinal":0},"MailText":{"name":"MailText","aspects":{"isPrimaryKey":false},"description":"","baseType":"TEXT","ordinal":2},"RecipientMailAddress":{"name":"RecipientMailAddress","aspects":{"isPrimaryKey":false},"description":"","baseType":"STRING","ordinal":4},"URL":{"name":"URL","aspects":{"isPrimaryKey":false},"description":"","baseType":"STRING","ordinal":5},"Name":{"name":"Name","aspects":{"isPrimaryKey":true},"description":"","baseType":"STRING","ordinal":3}}}
                                ]]>
                                </json>
                            </accumulatedDataShape>
                            <dataShape>
                            <![CDATA[
                            KBSendReportDS
                            ]]>
                            </dataShape>
                        </Row>
                    </Rows>
                </ConfigurationTable>
                <ConfigurationTable                 
                 description="Index Settings"
                 isMultiRow="true"
                 name="Indexes"
                 ordinal="1">
                    <DataShape>
                        <FieldDefinitions>
                            <FieldDefinition
                             aspect.friendlyName="Index Field Names"
                             baseType="STRING"
                             description="Index fields"
                             name="fieldNames"
                             ordinal="1"></FieldDefinition>
                            <FieldDefinition
                             aspect.friendlyName="Index Name"
                             baseType="STRING"
                             description="Index name"
                             name="name"
                             ordinal="0"></FieldDefinition>
                        </FieldDefinitions>
                    </DataShape>
                    <Rows></Rows>
                </ConfigurationTable>
                <ConfigurationTable
                 
                 description="Configurable options to tune Data Table performance"
                 isMultiRow="false"
                 name="PersistenceProviderCustomSettings"
                 ordinal="2">
                    <DataShape>
                        <FieldDefinitions>
                            <FieldDefinition
                             aspect.friendlyName="Persistence Provider Custom Settings Table"
                             baseType="INFOTABLE"
                             description="Persistence Provider Custom Config Table"
                             name="customConfigTable"
                             ordinal="0"></FieldDefinition>
                        </FieldDefinitions>
                    </DataShape>
                    <Rows>
                        <Row>
                            <customConfigTable>
                                <infoTable>
                                    <DataShape>
                                        <FieldDefinitions></FieldDefinitions>
                                    </DataShape>
                                    <Rows></Rows>
                                </infoTable>
                            </customConfigTable>
                        </Row>
                    </Rows>
                </ConfigurationTable>
            </ConfigurationTables>
            <ThingShape>
                <PropertyDefinitions></PropertyDefinitions>
                <ServiceDefinitions></ServiceDefinitions>
                <EventDefinitions></EventDefinitions>
                <ServiceMappings></ServiceMappings>
                <ServiceImplementations></ServiceImplementations>
                <Subscriptions></Subscriptions>
            </ThingShape>
            <PropertyBindings></PropertyBindings>
            <RemotePropertyBindings></RemotePropertyBindings>
            <RemoteServiceBindings></RemoteServiceBindings>
            <RemoteEventBindings></RemoteEventBindings>
            <AlertConfigurations></AlertConfigurations>
            <ImplementedShapes></ImplementedShapes>
            <ThingProperties></ThingProperties>
        </Thing>
    </Things>
</Entities>
