<?xml version="1.0" encoding="UTF-8"?>
<Entities
 majorVersion="9"
 minorVersion="3"
 universal="password">
    <Things>
        <Thing
         description=""
         documentationContent=""
         effectiveThingPackage="ConfiguredThing"
         enabled="true"
         homeMashup=""
         identifier=""
         inheritedValueStream=""
         name="KBReportManagementhelperThing"
         projectName="KBsmartKPI"
         published="false"
         tags=""
         thingTemplate="GenericThing"
         valueStream="">
            <avatar></avatar>
            <DesignTimePermissions>
                <Create></Create>
                <Read></Read>
                <Update></Update>
                <Delete></Delete>
                <Metadata></Metadata>
            </DesignTimePermissions>
            <RunTimePermissions>
                <Permissions
                 resourceName="*">
                    <PropertyRead>
                        <Principal
                         isPermitted="true"
                         name="KBUserGroup"
                         type="Group"></Principal>
                    </PropertyRead>
                    <PropertyWrite>
                        <Principal
                         isPermitted="true"
                         name="KBUserGroup"
                         type="Group"></Principal>
                    </PropertyWrite>
                    <ServiceInvoke>
                        <Principal
                         isPermitted="true"
                         name="KBUserGroup"
                         type="Group"></Principal>
                    </ServiceInvoke>
                    <EventInvoke></EventInvoke>
                    <EventSubscribe></EventSubscribe>
                </Permissions>
            </RunTimePermissions>
            <VisibilityPermissions>
                <Visibility>
                    <Principal
                     isPermitted="true"
                     name="KBOrganization"
                     type="Organization"></Principal>
                </Visibility>
            </VisibilityPermissions>
            <ConfigurationTableDefinitions></ConfigurationTableDefinitions>
            <ConfigurationTables></ConfigurationTables>
            <ThingShape>
                <PropertyDefinitions>
                    <PropertyDefinition
                     aspect.cacheTime="0.0"
                     aspect.dataChangeType="VALUE"
                     aspect.defaultValue="13600a43-8712-47a4-89ce-a9ee8b44a9dc"
                     aspect.isPersistent="true"
                     baseType="STRING"
                     category=""
                     description=""
                     isLocalOnly="false"
                     name="appKey"
                     ordinal="5"></PropertyDefinition>
                    <PropertyDefinition
                     aspect.cacheTime="0.0"
                     aspect.dataChangeType="VALUE"
                     aspect.defaultValue="SystemRepository"
                     aspect.isPersistent="true"
                     baseType="STRING"
                     category=""
                     description=""
                     isLocalOnly="false"
                     name="fileRepository"
                     ordinal="3"></PropertyDefinition>
                    <PropertyDefinition
                     aspect.cacheTime="0.0"
                     aspect.dataChangeType="VALUE"
                     aspect.defaultValue="pdf"
                     aspect.isPersistent="true"
                     baseType="STRING"
                     category=""
                     description=""
                     isLocalOnly="false"
                     name="fileType"
                     ordinal="6"></PropertyDefinition>
                    <PropertyDefinition
                     aspect.cacheTime="0.0"
                     aspect.dataChangeType="VALUE"
                     aspect.defaultValue="application/pdf"
                     aspect.isPersistent="true"
                     baseType="STRING"
                     category=""
                     description=""
                     isLocalOnly="false"
                     name="mimeType"
                     ordinal="7"></PropertyDefinition>
                    <PropertyDefinition
                     aspect.cacheTime="0.0"
                     aspect.dataChangeType="VALUE"
                     aspect.defaultValue="thingworx_mail_user.SVCMUC@knorr-bremse.com"
                     aspect.isPersistent="true"
                     baseType="STRING"
                     category=""
                     description=""
                     isLocalOnly="false"
                     name="SenderAddress"
                     ordinal="4"></PropertyDefinition>
                    <PropertyDefinition
                     aspect.cacheTime="0.0"
                     aspect.dataChangeType="VALUE"
                     aspect.defaultValue="smartproductionlibdev.corp.knorr-bremse.com"
                     aspect.isPersistent="true"
                     baseType="STRING"
                     category=""
                     description=""
                     isLocalOnly="false"
                     name="serverName"
                     ordinal="3"></PropertyDefinition>
                </PropertyDefinitions>
                <ServiceDefinitions>
                    <ServiceDefinition
                     aspect.isAsync="false"
                     category=""
                     description=""
                     isAllowOverride="false"
                     isLocalOnly="false"
                     isOpen="false"
                     isPrivate="false"
                     name="AddOrUpdateReportData">
                        <ResultType
                         baseType="STRING"
                         description=""
                         name="result"
                         ordinal="0"></ResultType>
                        <ParameterDefinitions>
                            <FieldDefinition
                             baseType="NUMBER"
                             description=""
                             name="Frequency"
                             ordinal="6"></FieldDefinition>
                            <FieldDefinition
                             baseType="STRING"
                             description=""
                             name="InternalUserGroup"
                             ordinal="8"></FieldDefinition>
                            <FieldDefinition
                             baseType="STRING"
                             description=""
                             name="MailSubject"
                             ordinal="2"></FieldDefinition>
                            <FieldDefinition
                             baseType="TEXT"
                             description=""
                             name="MailText"
                             ordinal="3"></FieldDefinition>
                            <FieldDefinition
                             baseType="STRING"
                             description=""
                             name="Name"
                             ordinal="1"></FieldDefinition>
                            <FieldDefinition
                             baseType="STRING"
                             description=""
                             name="RecipientMailAddress"
                             ordinal="5"></FieldDefinition>
                            <FieldDefinition
                             aspect.dataShape="GroupMember"
                             baseType="INFOTABLE"
                             description=""
                             name="RecipientUsers"
                             ordinal="7"></FieldDefinition>
                            <FieldDefinition
                             baseType="HYPERLINK"
                             description=""
                             name="URL"
                             ordinal="4"></FieldDefinition>
                        </ParameterDefinitions>
                    </ServiceDefinition>
                    <ServiceDefinition
                     aspect.isAsync="false"
                     category=""
                     description=""
                     isAllowOverride="false"
                     isLocalOnly="false"
                     isOpen="false"
                     isPrivate="false"
                     name="CheckifEntryExists">
                        <ResultType
                         baseType="STRING"
                         description=""
                         name="result"
                         ordinal="0"></ResultType>
                        <ParameterDefinitions>
                            <FieldDefinition
                             baseType="STRING"
                             description=""
                             name="Name"
                             ordinal="1"></FieldDefinition>
                        </ParameterDefinitions>
                    </ServiceDefinition>
                    <ServiceDefinition
                     aspect.isAsync="false"
                     category=""
                     description=""
                     isAllowOverride="false"
                     isLocalOnly="false"
                     isOpen="false"
                     isPrivate="false"
                     name="DeleteReportDataEntries">
                        <ResultType
                         baseType="NOTHING"
                         description=""
                         name="result"
                         ordinal="0"></ResultType>
                        <ParameterDefinitions>
                            <FieldDefinition
                             baseType="INFOTABLE"
                             description=""
                             name="values"
                             ordinal="1"></FieldDefinition>
                        </ParameterDefinitions>
                    </ServiceDefinition>
                    <ServiceDefinition
                     aspect.isAsync="false"
                     category=""
                     description=""
                     isAllowOverride="false"
                     isLocalOnly="false"
                     isOpen="false"
                     isPrivate="false"
                     name="GenerateFile">
                        <ResultType
                         baseType="STRING"
                         description=""
                         name="result"
                         ordinal="0"></ResultType>
                        <ParameterDefinitions>
                            <FieldDefinition
                             baseType="STRING"
                             description=""
                             name="Appkey"
                             ordinal="1"></FieldDefinition>
                            <FieldDefinition
                             baseType="STRING"
                             description=""
                             name="fileName"
                             ordinal="5"></FieldDefinition>
                            <FieldDefinition
                             aspect.thingTemplate="FileRepository"
                             baseType="THINGNAME"
                             description=""
                             name="fileRepository"
                             ordinal="6"></FieldDefinition>
                            <FieldDefinition
                             baseType="STRING"
                             description=""
                             name="fileType"
                             ordinal="4"></FieldDefinition>
                            <FieldDefinition
                             baseType="HYPERLINK"
                             description=""
                             name="mashupName"
                             ordinal="3"></FieldDefinition>
                        </ParameterDefinitions>
                    </ServiceDefinition>
                    <ServiceDefinition
                     aspect.isAsync="false"
                     category=""
                     description=""
                     isAllowOverride="false"
                     isLocalOnly="false"
                     isOpen="false"
                     isPrivate="false"
                     name="GenerateFileService">
                        <ResultType
                         baseType="STRING"
                         description=""
                         name="result"
                         ordinal="0"></ResultType>
                        <ParameterDefinitions>
                            <FieldDefinition
                             baseType="STRING"
                             description=""
                             name="Appkey"
                             ordinal="1"></FieldDefinition>
                            <FieldDefinition
                             baseType="STRING"
                             description=""
                             name="fileName"
                             ordinal="5"></FieldDefinition>
                            <FieldDefinition
                             aspect.thingTemplate="FileRepository"
                             baseType="THINGNAME"
                             description=""
                             name="fileRepository"
                             ordinal="6"></FieldDefinition>                      
                            <FieldDefinition
                             baseType="HYPERLINK"
                             description=""
                             name="mashupName"
                             ordinal="3"></FieldDefinition>
                        </ParameterDefinitions>
                    </ServiceDefinition>
                    <ServiceDefinition
                     aspect.isAsync="false"
                     category=""
                     description=""
                     isAllowOverride="false"
                     isLocalOnly="false"
                     isOpen="false"
                     isPrivate="false"
                     name="GenerateSFMReport">
                        <ResultType
                         baseType="STRING"
                         description=""
                         name="result"
                         ordinal="0"></ResultType>
                        <ParameterDefinitions>
                            <FieldDefinition
                             baseType="STRING"
                             description=""
                             name="Appkey"
                             ordinal="1"></FieldDefinition>
                            <FieldDefinition
                             baseType="HYPERLINK"
                             description=""
                             name="dailyReportURL"
                             ordinal="3"></FieldDefinition>
                            <FieldDefinition
                             baseType="STRING"
                             description=""
                             name="fileName"
                             ordinal="5"></FieldDefinition>
                            <FieldDefinition
                             aspect.thingTemplate="FileRepository"
                             baseType="THINGNAME"
                             description=""
                             name="fileRepository"
                             ordinal="6"></FieldDefinition>
                            <FieldDefinition
                             baseType="HYPERLINK"
                             description=""
                             name="weeklyReportURL"
                             ordinal="4"></FieldDefinition>
                        </ParameterDefinitions>
                    </ServiceDefinition>
                    <ServiceDefinition
                     aspect.isAsync="false"
                     category=""
                     description=""
                     isAllowOverride="false"
                     isLocalOnly="false"
                     isOpen="false"
                     isPrivate="false"
                     name="GenerateSFMReportService">
                        <ResultType
                         baseType="STRING"
                         description=""
                         name="result"
                         ordinal="0"></ResultType>
                        <ParameterDefinitions>
                            <FieldDefinition
                             baseType="STRING"
                             description=""
                             name="Appkey"
                             ordinal="1"></FieldDefinition>
                            <FieldDefinition
                             baseType="STRING"
                             description=""
                             name="fileName"
                             ordinal="5"></FieldDefinition>
                            <FieldDefinition
                             aspect.thingTemplate="FileRepository"
                             baseType="THINGNAME"
                             description=""
                             name="fileRepository"
                             ordinal="6"></FieldDefinition>
                            <FieldDefinition
                             baseType="HYPERLINK"
                             description=""
                             name="ReportURL"
                             ordinal="3"></FieldDefinition>
                        </ParameterDefinitions>
                    </ServiceDefinition>
                    <ServiceDefinition
                     aspect.isAsync="false"
                     category=""
                     description=""
                     isAllowOverride="false"
                     isLocalOnly="false"
                     isOpen="false"
                     isPrivate="false"
                     name="GetAllUsersInUserGroup">
                        <ResultType
                         aspect.dataShape="GroupMember"
                         baseType="INFOTABLE"
                         description=""
                         name="result"
                         ordinal="0"></ResultType>
                        <ParameterDefinitions>
                            <FieldDefinition
                             baseType="STRING"
                             description=""
                             name="UserGroup"
                             ordinal="1"></FieldDefinition>
                        </ParameterDefinitions>
                    </ServiceDefinition>
                    <ServiceDefinition
                     aspect.isAsync="false"
                     category=""
                     description=""
                     isAllowOverride="false"
                     isLocalOnly="false"
                     isOpen="false"
                     isPrivate="false"
                     name="GetMailAddress">
                        <ResultType
                         baseType="STRING"
                         description=""
                         name="result"
                         ordinal="0"></ResultType>
                        <ParameterDefinitions>
                            <FieldDefinition
                             baseType="STRING"
                             description=""
                             name="ExternalUser"
                             ordinal="2"></FieldDefinition>
                            <FieldDefinition
                             aspect.dataShape="GroupMember"
                             baseType="INFOTABLE"
                             description=""
                             name="InternalUsers"
                             ordinal="1"></FieldDefinition>
                        </ParameterDefinitions>
                    </ServiceDefinition>
                    <ServiceDefinition
                     aspect.isAsync="false"
                     category=""
                     description=""
                     isAllowOverride="false"
                     isLocalOnly="false"
                     isOpen="false"
                     isPrivate="false"
                     name="GetMailFrequency">
                        <ResultType
                         aspect.dataShape="KBSendReportsFrequencyDS"
                         baseType="INFOTABLE"
                         description=""
                         name="result"
                         ordinal="0"></ResultType>
                        <ParameterDefinitions></ParameterDefinitions>
                    </ServiceDefinition>
                    <ServiceDefinition
                     aspect.isAsync="false"
                     category=""
                     description=""
                     isAllowOverride="false"
                     isLocalOnly="false"
                     isOpen="false"
                     isPrivate="false"
                     name="SendMailToUsers">
                        <ResultType
                         baseType="NOTHING"
                         description=""
                         name="result"
                         ordinal="0"></ResultType>
                        <ParameterDefinitions>
                            <FieldDefinition
                             baseType="STRING"
                             description=""
                             name="MailAddress"
                             ordinal="4"></FieldDefinition>
                            <FieldDefinition
                             baseType="TEXT"
                             description=""
                             name="MailSubject"
                             ordinal="3"></FieldDefinition>
                            <FieldDefinition
                             baseType="TEXT"
                             description=""
                             name="MailText"
                             ordinal="2"></FieldDefinition>
                            <FieldDefinition
                             baseType="STRING"
                             description=""
                             name="ReportName"
                             ordinal="1"></FieldDefinition>
                            <FieldDefinition
                             baseType="HYPERLINK"
                             description=""
                             name="URL"
                             ordinal="5"></FieldDefinition>
                        </ParameterDefinitions>
                    </ServiceDefinition>
                    <ServiceDefinition
                     aspect.isAsync="false"
                     category=""
                     description=""
                     isAllowOverride="false"
                     isLocalOnly="false"
                     isOpen="false"
                     isPrivate="false"
                     name="SendMailToUsersService">
                        <ResultType
                         baseType="NOTHING"
                         description=""
                         name="result"
                         ordinal="0"></ResultType>
                        <ParameterDefinitions>
                            <FieldDefinition
                             baseType="STRING"
                             description=""
                             name="MailAddress"
                             ordinal="4"></FieldDefinition>
                            <FieldDefinition
                             baseType="TEXT"
                             description=""
                             name="MailSubject"
                             ordinal="3"></FieldDefinition>
                            <FieldDefinition
                             baseType="TEXT"
                             description=""
                             name="MailText"
                             ordinal="2"></FieldDefinition>
                            <FieldDefinition
                             baseType="STRING"
                             description=""
                             name="ReportName"
                             ordinal="1"></FieldDefinition>
                            <FieldDefinition
                             baseType="HYPERLINK"
                             description=""
                             name="URL"
                             ordinal="5"></FieldDefinition>
                        </ParameterDefinitions>
                    </ServiceDefinition>
                    <ServiceDefinition
                     aspect.isAsync="false"
                     category=""
                     description=""
                     isAllowOverride="false"
                     isLocalOnly="false"
                     isOpen="false"
                     isPrivate="false"
                     name="SendSFMReportMailToUsers">
                        <ResultType
                         baseType="NOTHING"
                         description=""
                         name="result"
                         ordinal="0"></ResultType>
                        <ParameterDefinitions>
                            <FieldDefinition
                             baseType="HYPERLINK"
                             description=""
                             name="DailyReportURL"
                             ordinal="5"></FieldDefinition>
                            <FieldDefinition
                             baseType="STRING"
                             description=""
                             name="MailAddress"
                             ordinal="4"></FieldDefinition>
                            <FieldDefinition
                             baseType="TEXT"
                             description=""
                             name="MailSubject"
                             ordinal="3"></FieldDefinition>
                            <FieldDefinition
                             baseType="TEXT"
                             description=""
                             name="MailText"
                             ordinal="2"></FieldDefinition>
                            <FieldDefinition
                             baseType="STRING"
                             description=""
                             name="ReportName"
                             ordinal="1"></FieldDefinition>
                            <FieldDefinition
                             baseType="HYPERLINK"
                             description=""
                             name="WeeklyReportURL"
                             ordinal="6"></FieldDefinition>
                        </ParameterDefinitions>
                    </ServiceDefinition>
                    <ServiceDefinition
                     aspect.isAsync="false"
                     category=""
                     description=""
                     isAllowOverride="false"
                     isLocalOnly="false"
                     isOpen="false"
                     isPrivate="false"
                     name="SendSFMReportMailToUsersService">
                        <ResultType
                         baseType="NOTHING"
                         description=""
                         name="result"
                         ordinal="0"></ResultType>
                        <ParameterDefinitions>
                            <FieldDefinition
                             baseType="STRING"
                             description=""
                             name="DailyReportName"
                             ordinal="7"></FieldDefinition>
                            <FieldDefinition
                             baseType="HYPERLINK"
                             description=""
                             name="DailyReportURL"
                             ordinal="5"></FieldDefinition>
                            <FieldDefinition
                             baseType="STRING"
                             description=""
                             name="MailAddress"
                             ordinal="4"></FieldDefinition>
                            <FieldDefinition
                             baseType="TEXT"
                             description=""
                             name="MailSubject"
                             ordinal="3"></FieldDefinition>
                            <FieldDefinition
                             baseType="TEXT"
                             description=""
                             name="MailText"
                             ordinal="2"></FieldDefinition>
                            <FieldDefinition
                             baseType="STRING"
                             description=""
                             name="WeeklyReportName"
                             ordinal="1"></FieldDefinition>
                            <FieldDefinition
                             baseType="HYPERLINK"
                             description=""
                             name="WeeklyReportURL"
                             ordinal="6"></FieldDefinition>
                        </ParameterDefinitions>
                    </ServiceDefinition>
                    <ServiceDefinition
                     aspect.isAsync="false"
                     category=""
                     description=""
                     isAllowOverride="false"
                     isLocalOnly="false"
                     isOpen="false"
                     isPrivate="false"
                     name="StoreRecipientUsers">
                        <ResultType
                         aspect.dataShape="GroupMember"
                         baseType="INFOTABLE"
                         description=""
                         name="result"
                         ordinal="0"></ResultType>
                        <ParameterDefinitions>
                            <FieldDefinition
                             aspect.dataShape="GroupMember"
                             baseType="INFOTABLE"
                             description=""
                             name="RecipientUsers"
                             ordinal="1"></FieldDefinition>
                        </ParameterDefinitions>
                    </ServiceDefinition>
                    <ServiceDefinition
                     aspect.isAsync="false"
                     category=""
                     description=""
                     isAllowOverride="false"
                     isLocalOnly="false"
                     isOpen="false"
                     isPrivate="false"
                     name="Test">
                        <ResultType
                         baseType="STRING"
                         description=""
                         name="result"
                         ordinal="0"></ResultType>
                        <ParameterDefinitions></ParameterDefinitions>
                    </ServiceDefinition>
                </ServiceDefinitions>
                <EventDefinitions></EventDefinitions>
                <ServiceMappings></ServiceMappings>
                <ServiceImplementations>
                    <ServiceImplementation
                     description=""
                     handlerName="Script"
                     name="AddOrUpdateReportData">
                        <ConfigurationTables>
                            <ConfigurationTable
                             dataShapeName=""
                             description=""
                             isMultiRow="false"
                             name="Script"
                             ordinal="0">
                                <DataShape>
                                    <FieldDefinitions>
                                        <FieldDefinition
                                         baseType="STRING"
                                         description="code"
                                         name="code"
                                         ordinal="0"></FieldDefinition>
                                    </FieldDefinitions>
                                </DataShape>
                                <Rows>
                                    <Row>
                                        <code>
                                        <![CDATA[
                                        try{
                                           var str=URL;
                                            var mashupURL;
                                        	var params = {
                                            infoTableName : "InfoTable",
                                            dataShapeName : "KBSendReportDS"
                                        	};
                                        
                                        var KbSendReportDSInfotable = Resources["InfoTableFunctions"].CreateInfoTableFromDataShape(params);
                                        
                                        KbSendReportDSInfotable.AddRow({
                                            Name: Name,
                                            MailSubject:MailSubject,
                                            MailText: MailText,
                                            URL:URL,
                                            RecipientMailAddress:RecipientMailAddress,
                                            Frequency:Frequency,
                                            InternalUserGroup:InternalUserGroup,
                                            RecipientUsers:RecipientUsers   
                                            
                                        });  
                                        
                                        Things["KbSendReportDatatable"].AddOrUpdateDataTableEntries({
                                        	sourceType: undefined /* STRING */,
                                        	values: KbSendReportDSInfotable /* INFOTABLE */,
                                        	location: undefined /* LOCATION */,
                                        	source: undefined /* STRING */,
                                        	tags: undefined /* TAGS */
                                        });
                                        result="success";
                                        }
                                        catch(err)
                                        {
                                            logger.error("error in service AddOrUpdateReportData"+err);
                                            result=err;
                                        }
                                        ]]>
                                        </code>
                                    </Row>
                                </Rows>
                            </ConfigurationTable>
                        </ConfigurationTables>
                    </ServiceImplementation>
                    <ServiceImplementation
                     description=""
                     handlerName="Script"
                     name="CheckifEntryExists">
                        <ConfigurationTables>
                            <ConfigurationTable
                             dataShapeName=""
                             description=""
                             isMultiRow="false"
                             name="Script"
                             ordinal="0">
                                <DataShape>
                                    <FieldDefinitions>
                                        <FieldDefinition
                                         baseType="STRING"
                                         description="code"
                                         name="code"
                                         ordinal="0"></FieldDefinition>
                                    </FieldDefinitions>
                                </DataShape>
                                <Rows>
                                    <Row>
                                        <code>
                                        <![CDATA[
                                        if(Name){
                                        	// result: INFOTABLE dataShape: ""
                                        	var ReportDataEntryInfotable =  Things["KbSendReportDatatable"].QueryDataTableEntries({
                                        	maxItems: undefined /* NUMBER */,
                                        	values: undefined /* INFOTABLE */,
                                        	query: generateQuery(Name) /* QUERY */,
                                        	source: undefined /* STRING */,
                                        	tags: undefined /* TAGS */
                                        	});  
                                        										    
                                        var tablelength=ReportDataEntryInfotable.rows.length;
                                        if(tablelength ==1)
                                        {
                                        	result = Name+" already exist. Kindly give unique attachment name.";
                                        } else
                                        	{
                                        		result="";
                                        	}
                                        }
                                        	else
                                        	{
                                        		result="";
                                        	}										
                                        										
                                        function generateQuery(value){
                                        	var queryParam = {
                                        		"filters": {			
                                        			"type": "EQ",
                                        			"fieldName": "Name",
                                        			"value": value
                                        			}
                                        		};
                                        	return queryParam;
                                        }
                                        ]]>
                                        </code>
                                    </Row>
                                </Rows>
                            </ConfigurationTable>
                        </ConfigurationTables>
                    </ServiceImplementation>
                    <ServiceImplementation
                     description=""
                     handlerName="Script"
                     name="DeleteReportDataEntries">
                        <ConfigurationTables>
                            <ConfigurationTable
                             dataShapeName=""
                             description=""
                             isMultiRow="false"
                             name="Script"
                             ordinal="0">
                                <DataShape>
                                    <FieldDefinitions>
                                        <FieldDefinition
                                         baseType="STRING"
                                         description="code"
                                         name="code"
                                         ordinal="0"></FieldDefinition>
                                    </FieldDefinitions>
                                </DataShape>
                                <Rows>
                                    <Row>
                                        <code>
                                        <![CDATA[
                                        Things["KbSendReportDatatable"].DeleteDataTableEntry({
                                        	values: values /* INFOTABLE */
                                        });
                                        ]]>
                                        </code>
                                    </Row>
                                </Rows>
                            </ConfigurationTable>
                        </ConfigurationTables>
                    </ServiceImplementation>
                    <ServiceImplementation
                     description=""
                     handlerName="Script"
                     name="GenerateFile">
                        <ConfigurationTables>
                            <ConfigurationTable
                             dataShapeName=""
                             description=""
                             isMultiRow="false"
                             name="Script"
                             ordinal="0">
                                <DataShape>
                                    <FieldDefinitions>
                                        <FieldDefinition
                                         baseType="STRING"
                                         description="code"
                                         name="code"
                                         ordinal="0"></FieldDefinition>
                                    </FieldDefinitions>
                                </DataShape>
                                <Rows>
                                    <Row>
                                        <code>
                                        <![CDATA[
                                        // Result: STRING
                                        var CreatedFile =  Resources["KBReportResource"].GenerateFile({
                                        	FileRepository: fileRepository /* THINGNAME */,
                                        	Type: fileType /* STRING */,
                                        	Appkey: Appkey /* STRING */,
                                        	FileName: fileName /* STRING */,
                                        	URL: mashupName /* STRING */
                                        });
                                        
                                        result=CreatedFile.toString();
                                        ]]>
                                        </code>
                                    </Row>
                                </Rows>
                            </ConfigurationTable>
                        </ConfigurationTables>
                    </ServiceImplementation>
                    <ServiceImplementation
                     description=""
                     handlerName="Script"
                     name="GenerateFileService">
                        <ConfigurationTables>
                            <ConfigurationTable
                             dataShapeName=""
                             description=""
                             isMultiRow="false"
                             name="Script"
                             ordinal="0">
                                <DataShape>
                                    <FieldDefinitions>
                                        <FieldDefinition
                                         baseType="STRING"
                                         description="code"
                                         name="code"
                                         ordinal="0"></FieldDefinition>
                                    </FieldDefinitions>
                                </DataShape>
                                <Rows>
                                    <Row>
                                        <code>
                                        <![CDATA[ 
                                       var outputFileName=fileName;

										// Result: STRING
										var CreatedFile =  Resources["KBReportResource"].GeneratePDFPrintFile({
										    FileRepository: fileRepository /* THINGNAME */,
										    Appkey: Appkey /* STRING */,
										    FileName: outputFileName /* STRING */,
										    URL: mashupName /* STRING */
										});

 										result=CreatedFile.toString();
                                        ]]>
                                        </code>
                                    </Row>
                                </Rows>
                            </ConfigurationTable>
                        </ConfigurationTables>
                    </ServiceImplementation>
                    <ServiceImplementation
                     description=""
                     handlerName="Script"
                     name="GenerateSFMReport">
                        <ConfigurationTables>
                            <ConfigurationTable
                             dataShapeName=""
                             description=""
                             isMultiRow="false"
                             name="Script"
                             ordinal="0">
                                <DataShape>
                                    <FieldDefinitions>
                                        <FieldDefinition
                                         baseType="STRING"
                                         description="code"
                                         name="code"
                                         ordinal="0"></FieldDefinition>
                                    </FieldDefinitions>
                                </DataShape>
                                <Rows>
                                    <Row>
                                        <code>
                                        <![CDATA[
                                        // Result: STRING
                                        var CreatedFile = Resources["KBReportResource"].GenerateSFMReport({
                                        	FileRepository: fileRepository /* THINGNAME */,
                                        	URL2: weeklyReportURL /* STRING */,
                                        	URL1: dailyReportURL /* STRING */,
                                        	Appkey: Appkey /* STRING */,
                                        	FileName: fileName /* STRING */
                                        });
                                        
                                        result=CreatedFile.toString();
                                        ]]>
                                        </code>
                                    </Row>
                                </Rows>
                            </ConfigurationTable>
                        </ConfigurationTables>
                    </ServiceImplementation>
                    <ServiceImplementation
                     description=""
                     handlerName="Script"
                     name="GenerateSFMReportService">
                        <ConfigurationTables>
                            <ConfigurationTable
                             dataShapeName=""
                             description=""
                             isMultiRow="false"
                             name="Script"
                             ordinal="0">
                                <DataShape>
                                    <FieldDefinitions>
                                        <FieldDefinition
                                         baseType="STRING"
                                         description="code"
                                         name="code"
                                         ordinal="0"></FieldDefinition>
                                    </FieldDefinitions>
                                </DataShape>
                                <Rows>
                                    <Row>
                                        <code>
                                        <![CDATA[
                                        try {// Result: STRING
                                        var CreatedDailyFile = Resources["KBReportResource"].GenerateSFMPDFPrintFile({
                                        	FileRepository: fileRepository /* THINGNAME */,
                                        	URL: ReportURL /* STRING */,
                                        	Appkey: Appkey /* STRING */,
                                        	FileName: fileName /* STRING */
                                        });
                                        
                                        
                                        var result=CreatedDailyFile.toString();
                                        
                                        }
                                        catch(err){
                                            logger.error('Service issue in GenerateSFMReportCopy ' + me.name + ' at ' + err.lineNumber + ': ' + err);
                                        }
                                        ]]>
                                        </code>
                                    </Row>
                                </Rows>
                            </ConfigurationTable>
                        </ConfigurationTables>
                    </ServiceImplementation>
                    <ServiceImplementation
                     description=""
                     handlerName="Script"
                     name="GetAllUsersInUserGroup">
                        <ConfigurationTables>
                            <ConfigurationTable
                             dataShapeName=""
                             description=""
                             isMultiRow="false"
                             name="Script"
                             ordinal="0">
                                <DataShape>
                                    <FieldDefinitions>
                                        <FieldDefinition
                                         baseType="STRING"
                                         description="code"
                                         name="code"
                                         ordinal="0"></FieldDefinition>
                                    </FieldDefinitions>
                                </DataShape>
                                <Rows>
                                    <Row>
                                        <code>
                                        <![CDATA[
                                        var recursionLevel = 0;
                                        var recursionLevelCap = 20;
                                        
                                        if(!Groups[UserGroup])
                                        {
                                            logger.error("Invalid UserGroup name, service execution failed.");
                                        }
                                        else //If our UserGroup input is valid, continue with service
                                        {
                                            //Recursive function call
                                            var groupMembers = buildMemberInfotable(0, UserGroup);
                                        
                                            // Return all group members after removing duplicates and sorting by name
                                        
                                            //Build params to remove duplicate entries
                                            var params = {
                                                t: groupMembers /* INFOTABLE */,
                                                columns: "name,description,type" /* STRING */
                                            };
                                        
                                            //Remove duplicate entries
                                            var result = Resources["InfoTableFunctions"].Distinct(params);
                                        
                                            //Build sort params
                                            var params = {
                                                sortColumn: "name" /* STRING */,
                                                t: result /* INFOTABLE */,
                                                ascending: true /* BOOLEAN */
                                            };
                                        
                                            //Sort by user name
                                            var result = Resources["InfoTableFunctions"].Sort(params);
                                        }
                                        
                                        //Recursive function to find all group members in a User Group structure
                                        function buildMemberInfotable( recursionLevel, UserGroup )
                                        {
                                            var params = {
                                                infoTableName : "InfoTable",
                                                dataShapeName : "GroupMember"
                                            };
                                        
                                            // CreateInfoTableFromDataShape(infoTableName:STRING("InfoTable"), dataShapeName:STRING):INFOTABLE(GroupMember)
                                            var finalMemberReturnTable = Resources["InfoTableFunctions"].CreateInfoTableFromDataShape(params);
                                        
                                            //Only proceed if we haven't hit the recursion depth level cap
                                            if(recursionLevel < recursionLevelCap)
                                            {
                                                //Increment the recursionLevel for the next pass
                                                recursionLevel++;
                                        
                                                // result: INFOTABLE dataShape: GroupMember
                                                var groupAndMemberInfotable = Groups[UserGroup].GetGroupMembers();
                                        
                                                var tableLength = groupAndMemberInfotable.rows.length;
                                                
                                                //Loop through the members found, if they are a user, add them to the return table
                                                //If not, use recursion and go deeper
                                                for(var x = 0; x < tableLength; x++)
                                                {
                                                    var row = groupAndMemberInfotable.rows[x];
                                        
                                                    if(row.type == "User")
                                                    {
                                                        finalMemberReturnTable.AddRow(row);
                                                    }
                                                    else 
                                                    {
                                                        var recursiveTable = buildMemberInfotable( recursionLevel, row.name );
                                        
                                                        var params = {
                                                            t1: recursiveTable /* INFOTABLE */,
                                                            t2: finalMemberReturnTable /* INFOTABLE */
                                                        };
                                        
                                                        // result: INFOTABLE
                                                        finalMemberReturnTable = Resources["InfoTableFunctions"].Union(params);
                                                    }
                                                }
                                                
                                                //Return the members found at this level and deeper
                                                return finalMemberReturnTable;
                                            }
                                        }
                                        ]]>
                                        </code>
                                    </Row>
                                </Rows>
                            </ConfigurationTable>
                        </ConfigurationTables>
                    </ServiceImplementation>
                    <ServiceImplementation
                     description=""
                     handlerName="Script"
                     name="GetMailAddress">
                        <ConfigurationTables>
                            <ConfigurationTable
                             dataShapeName=""
                             description=""
                             isMultiRow="false"
                             name="Script"
                             ordinal="0">
                                <DataShape>
                                    <FieldDefinitions>
                                        <FieldDefinition
                                         baseType="STRING"
                                         description="code"
                                         name="code"
                                         ordinal="0"></FieldDefinition>
                                    </FieldDefinitions>
                                </DataShape>
                                <Rows>
                                    <Row>
                                        <code>
                                        <![CDATA[
                                        var obj=[];
                                        
                                        var tableLength = InternalUsers.rows.length;
                                        if(tableLength >=1){ 
                                        for (var x=0; x < tableLength; x++) {
                                            var row = InternalUsers.rows[x];
                                            //Your code here
                                            var mailAddress= getEmailAddress(row.name);    
                                            obj.push(mailAddress);    
                                        }
                                        }
                                        
                                        if(ExternalUser){
                                            obj.push(ExternalUser);
                                        }
                                        
                                        var completeMailAddresslist=obj.join("; ");
                                        result =completeMailAddresslist;
                                        
                                        
                                        function getEmailAddress(userName)
                                        {
                                            return Users[userName].emailAddress;
                                        }
                                        ]]>
                                        </code>
                                    </Row>
                                </Rows>
                            </ConfigurationTable>
                        </ConfigurationTables>
                    </ServiceImplementation>
                    <ServiceImplementation
                     description=""
                     handlerName="Script"
                     name="GetMailFrequency">
                        <ConfigurationTables>
                            <ConfigurationTable
                             dataShapeName=""
                             description=""
                             isMultiRow="false"
                             name="Script"
                             ordinal="0">
                                <DataShape>
                                    <FieldDefinitions>
                                        <FieldDefinition
                                         baseType="STRING"
                                         description="code"
                                         name="code"
                                         ordinal="0"></FieldDefinition>
                                    </FieldDefinitions>
                                </DataShape>
                                <Rows>
                                    <Row>
                                        <code>
                                        <![CDATA[
                                        var params = {
                                            infoTableName : "InfoTable",
                                            dataShapeName : "KBSendReportsFrequencyDS"
                                        };
                                        
                                        // CreateInfoTableFromDataShape(infoTableName:STRING("InfoTable"), dataShapeName:STRING):INFOTABLE(KBSendReportsFrequencyDS)
                                        var FrequencyInfotable = Resources["InfoTableFunctions"].CreateInfoTableFromDataShape(params);
                                        
                                        FrequencyInfotable.AddRow({DisplayField: "Every Hour", ValueField:1});
                                        FrequencyInfotable.AddRow({DisplayField: "Every 6 Hour", ValueField:6});
                                        FrequencyInfotable.AddRow({DisplayField: "Every 12 Hour", ValueField:12});
                                        FrequencyInfotable.AddRow({DisplayField: "Every 24 Hour", ValueField:24});
                                        
                                        result=FrequencyInfotable;
                                        ]]>
                                        </code>
                                    </Row>
                                </Rows>
                            </ConfigurationTable>
                        </ConfigurationTables>
                    </ServiceImplementation>
                    <ServiceImplementation
                     description=""
                     handlerName="Script"
                     name="SendMailToUsers">
                        <ConfigurationTables>
                            <ConfigurationTable
                             dataShapeName=""
                             description=""
                             isMultiRow="false"
                             name="Script"
                             ordinal="0">
                                <DataShape>
                                    <FieldDefinitions>
                                        <FieldDefinition
                                         baseType="STRING"
                                         description="code"
                                         name="code"
                                         ordinal="0"></FieldDefinition>
                                    </FieldDefinitions>
                                </DataShape>
                                <Rows>
                                    <Row>
                                        <code>
                                        <![CDATA[
                                        var outputFileName;
                                        
                                        var obj=[];
                                                                               
                                        outputFileName = ReportName+"_" + dateFormat(new Date(), "HHmm_ddMMMYYYY")+".pdf";
                                        
                                                                           
                                        var fileCreated=me.GenerateFile({
                                            Appkey: me.appKey/* STRING */ ,
                                            mashupName: URL /* STRING */ ,
                                            fileType: me.fileType /* STRING */ ,
                                            fileName: outputFileName  /* STRING */ ,
                                            fileRepository: me.fileRepository/* THINGNAME */
                                        });
                                        
                                        logger.debug("KBReportManagementHelperThing: outputFileName "+outputFileName);
                                        
                                        var params = {
                                            infoTableName : "InfoTable",
                                            dataShapeName : "MailFileRepositoryAttachments"
                                        };
                                        
                                        Things["KBMailServerMUCThing"].SendMessageWithAttachment({
                                        	cc: undefined /* STRING */,
                                        	path: "/"+outputFileName/* STRING */,
                                        	bcc: MailAddress /* STRING */,
                                        	subject: MailSubject /* STRING */,
                                        	fileRepository: me.fileRepository /* THINGNAME */,
                                        	from: me.SenderAddress /* STRING */,
                                        	attachmentName: outputFileName /* STRING */,
                                        	to: undefined /* STRING */,
                                        	mimeType: me.mimeType /* STRING */,
                                        	body: MailText /* HTML */
                                        });
                                        	
                                        logger.debug("KBReportManagementHelperThing: SendMessageWithAttachment "+MailAddress);
                                        	
                                        
                                        
                                        function getDefaultDate() {
                                            	var defaultDate = new Date();
                                            	return dateFormat(defaultDate, "yyyy-MM-dd HH:mm:ss");
                                        }
                                        
                                        function getFileLink(generatedFileName){
                                            // result: INFOTABLE dataShape: FileSystemFileWithLinks
                                            var searchResult = Things["SystemRepository"].GetFileListingWithLinks({
                                            	path: "" /* STRING */ ,
                                            	nameMask: generatedFileName /* STRING */
                                            });
                                        
                                            if (searchResult.rows.length == 0) {
                                            	return "";
                                            }
                                            return searchResult.rows[0].downloadLink;
                                        }
                                        ]]>
                                        </code>
                                    </Row>
                                </Rows>
                            </ConfigurationTable>
                        </ConfigurationTables>
                    </ServiceImplementation>
                    <ServiceImplementation
                     description=""
                     handlerName="Script"
                     name="SendMailToUsersService">
                        <ConfigurationTables>
                            <ConfigurationTable
                             dataShapeName=""
                             description=""
                             isMultiRow="false"
                             name="Script"
                             ordinal="0">
                                <DataShape>
                                    <FieldDefinitions>
                                        <FieldDefinition
                                         baseType="STRING"
                                         description="code"
                                         name="code"
                                         ordinal="0"></FieldDefinition>
                                    </FieldDefinitions>
                                </DataShape>
                                <Rows>
                                    <Row>
                                        <code>
                                        <![CDATA[
                                        var outputFileName;
                                        
                                        var obj=[];
                                                                               
                                        outputFileName = ReportName+"_" + dateFormat(new Date(), "HHmm_ddMMMYYYY")+".pdf";
                                        
                                                                           
                                        var fileCreated=me.GenerateFileService({
                                            Appkey: me.appKey/* STRING */ ,
                                            mashupName: URL /* STRING */ ,
                                            fileName: outputFileName  /* STRING */ ,
                                            fileRepository: me.fileRepository/* THINGNAME */
                                        });
                                        
                                        logger.debug("KBReportManagementHelperThing: outputFileName "+outputFileName);
                                        
                                        var params = {
                                            infoTableName : "InfoTable",
                                            dataShapeName : "MailFileRepositoryAttachments"
                                        };
                                        
                                        Things["KBMailServerMUCThing"].SendMessageWithAttachment({
                                        	cc: undefined /* STRING */,
                                        	path: "/"+outputFileName/* STRING */,
                                        	bcc: MailAddress /* STRING */,
                                        	subject: MailSubject /* STRING */,
                                        	fileRepository: me.fileRepository /* THINGNAME */,
                                        	from: me.SenderAddress /* STRING */,
                                        	attachmentName: outputFileName /* STRING */,
                                        	to: undefined /* STRING */,
                                        	mimeType: me.mimeType /* STRING */,
                                        	body: MailText /* HTML */
                                        });
                                        	
                                        logger.debug("KBReportManagementHelperThing: SendMessageWithAttachment "+MailAddress);
                                        	
                                        
                                        
                                        function getDefaultDate() {
                                            	var defaultDate = new Date();
                                            	return dateFormat(defaultDate, "yyyy-MM-dd HH:mm:ss");
                                        }
                                        
                                        function getFileLink(generatedFileName){
                                            // result: INFOTABLE dataShape: FileSystemFileWithLinks
                                            var searchResult = Things["SystemRepository"].GetFileListingWithLinks({
                                            	path: "" /* STRING */ ,
                                            	nameMask: generatedFileName /* STRING */
                                            });
                                        
                                            if (searchResult.rows.length == 0) {
                                            	return "";
                                            }
                                            return searchResult.rows[0].downloadLink;
                                        }
                                        ]]>
                                        </code>
                                    </Row>
                                </Rows>
                            </ConfigurationTable>
                        </ConfigurationTables>
                    </ServiceImplementation>
                    <ServiceImplementation
                     description=""
                     handlerName="Script"
                     name="SendSFMReportMailToUsers">
                        <ConfigurationTables>
                            <ConfigurationTable
                             dataShapeName=""
                             description=""
                             isMultiRow="false"
                             name="Script"
                             ordinal="0">
                                <DataShape>
                                    <FieldDefinitions>
                                        <FieldDefinition
                                         baseType="STRING"
                                         description="code"
                                         name="code"
                                         ordinal="0"></FieldDefinition>
                                    </FieldDefinitions>
                                </DataShape>
                                <Rows>
                                    <Row>
                                        <code>
                                        <![CDATA[
                                        var outputFileName;
                                        
                                        var obj=[];
                                                                               
                                        outputFileName = ReportName+"_" + dateFormat(new Date(), "HHmm_ddMMMYYYY")+".pdf";
                                        
                                                           
                                        var fileCreated=me.GenerateSFMReport({
                                        	Appkey: me.appKey/* STRING */,
                                        	dailyReportURL: DailyReportURL /* HYPERLINK */,
                                        	weeklyReportURL: WeeklyReportURL /* HYPERLINK */,
                                        	fileName: outputFileName /* STRING */,
                                        	fileRepository: me.fileRepository/* THINGNAME */
                                        });
                                        
                                        logger.debug("KBReportManagementHelperThing: outputFileName "+outputFileName);
                                        
                                        var params = {
                                            infoTableName : "InfoTable",
                                            dataShapeName : "MailFileRepositoryAttachments"
                                        };
                                        
                                        Things["KBMailServerMUCThing"].SendMessageWithAttachment({
                                        	cc: undefined /* STRING */,
                                        	path: "/"+outputFileName/* STRING */,
                                        	bcc: MailAddress /* STRING */,
                                        	subject: MailSubject /* STRING */,
                                        	fileRepository: me.fileRepository /* THINGNAME */,
                                        	from: me.SenderAddress /* STRING */,
                                        	attachmentName: outputFileName /* STRING */,
                                        	to: undefined /* STRING */,
                                        	mimeType: me.mimeType /* STRING */,
                                        	body: MailText /* HTML */
                                        });
                                        	
                                        logger.debug("KBReportManagementHelperThing: SendMessageWithAttachment "+MailAddress);
                                        	
                                        
                                        
                                        function getDefaultDate() {
                                            	var defaultDate = new Date();
                                            	return dateFormat(defaultDate, "yyyy-MM-dd HH:mm:ss");
                                        }
                                        
                                        function getFileLink(generatedFileName){
                                            // result: INFOTABLE dataShape: FileSystemFileWithLinks
                                            var searchResult = Things["SystemRepository"].GetFileListingWithLinks({
                                            	path: "" /* STRING */ ,
                                            	nameMask: generatedFileName /* STRING */
                                            });
                                        
                                            if (searchResult.rows.length == 0) {
                                            	return "";
                                            }
                                            return searchResult.rows[0].downloadLink;
                                        }
                                        ]]>
                                        </code>
                                    </Row>
                                </Rows>
                            </ConfigurationTable>
                        </ConfigurationTables>
                    </ServiceImplementation>
                    <ServiceImplementation
                     description=""
                     handlerName="Script"
                     name="SendSFMReportMailToUsersService">
                        <ConfigurationTables>
                            <ConfigurationTable
                             dataShapeName=""
                             description=""
                             isMultiRow="false"
                             name="Script"
                             ordinal="0">
                                <DataShape>
                                    <FieldDefinitions>
                                        <FieldDefinition
                                         baseType="STRING"
                                         description="code"
                                         name="code"
                                         ordinal="0"></FieldDefinition>
                                    </FieldDefinitions>
                                </DataShape>
                                <Rows>
                                    <Row>
                                        <code>
                                        <![CDATA[
                                        var outputFileNameDaily = DailyReportName+"_" + dateFormat(new Date(), "HHmm_ddMMMYYYY")+".pdf";
                                        var outputFileNameWeekly = WeeklyReportName+"_" + dateFormat(new Date(), "HHmm_ddMMMYYYY")+".pdf";
                                        
                                                           
                                        var DailyfileCreated=me.GenerateSFMReportService({
                                        	Appkey: me.appKey/* STRING */,
                                        	ReportURL: DailyReportURL /* HYPERLINK */,
                                        	fileName: outputFileNameDaily /* STRING */,
                                        	fileRepository: me.fileRepository/* THINGNAME */
                                        });
                                        
                                        var WeeklyfileCreated=me.GenerateSFMReportService({
                                        	Appkey: me.appKey/* STRING */,
                                        	ReportURL: WeeklyReportURL /* HYPERLINK */,
                                        	fileName: outputFileNameWeekly /* STRING */,
                                        	fileRepository: me.fileRepository/* THINGNAME */
                                        });
                                        
                                        logger.debug("KBReportManagementHelperThing: outputFileNameDaily "+outputFileNameDaily);
                                        logger.debug("KBReportManagementHelperThing: outputFileNameWeekly "+outputFileNameWeekly);
                                        
                                        let infotableResult = Resources["InfoTableFunctions"].CreateInfoTableFromDataShape({
                                            infoTableName: "InfoTable",
                                            dataShapeName: "MailFileRepositoryAttachments"
                                        });
                                        
                                        var newEntry = new Object();
                                        
                                        newEntry = new Object();
                                        newEntry.fileRepository = me.fileRepository;/* THINGNAME */
                                        newEntry.path = "/" + outputFileNameDaily;/* STRING */
                                        newEntry.attachmentName = outputFileNameDaily;
                                        newEntry.mimeType = "application/pdf";
                                        infotableResult.AddRow(newEntry);
                                        
                                        newEntry = new Object();
                                        newEntry.fileRepository = me.fileRepository;/* THINGNAME */
                                        newEntry.path = "/" + outputFileNameWeekly;
                                        newEntry.attachmentName = outputFileNameWeekly ;
                                        newEntry.mimeType = "application/pdf";
                                        infotableResult.AddRow(newEntry);
                                        
                                        Things["KBMailServerMUCThing"].SendMessageWithAttachments({
                                        	cc: undefined /* STRING */,
                                        	bcc: MailAddress /* STRING */,
                                        	attachments: infotableResult /* INFOTABLE {"dataShape":"MailFileRepositoryAttachments"} */,
                                        	subject: MailSubject /* STRING */,
                                        	from: me.SenderAddress /* STRING */,
                                        	to: undefined /* STRING */,
                                        	body: MailText /* HTML */
                                        });
                                        
                                        	
                                        logger.debug("KBReportManagementHelperThing: SendMessageWithAttachment "+MailAddress);
                                        	
                                        
                                        
                                        function getDefaultDate() {
                                            	var defaultDate = new Date();
                                            	return dateFormat(defaultDate, "yyyy-MM-dd HH:mm:ss");
                                        }
                                        
                                        function getFileLink(generatedFileName){
                                            // result: INFOTABLE dataShape: FileSystemFileWithLinks
                                            var searchResult = Things["SystemRepository"].GetFileListingWithLinks({
                                            	path: "" /* STRING */ ,
                                            	nameMask: generatedFileName /* STRING */
                                            });
                                        
                                            if (searchResult.rows.length == 0) {
                                            	return "";
                                            }
                                            return searchResult.rows[0].downloadLink;
                                        }
                                        ]]>
                                        </code>
                                    </Row>
                                </Rows>
                            </ConfigurationTable>
                        </ConfigurationTables>
                    </ServiceImplementation>
                    <ServiceImplementation
                     description=""
                     handlerName="Script"
                     name="StoreRecipientUsers">
                        <ConfigurationTables>
                            <ConfigurationTable
                             dataShapeName=""
                             description=""
                             isMultiRow="false"
                             name="Script"
                             ordinal="0">
                                <DataShape>
                                    <FieldDefinitions>
                                        <FieldDefinition
                                         baseType="STRING"
                                         description="code"
                                         name="code"
                                         ordinal="0"></FieldDefinition>
                                    </FieldDefinitions>
                                </DataShape>
                                <Rows>
                                    <Row>
                                        <code>
                                        <![CDATA[
                                        result=RecipientUsers;
                                        ]]>
                                        </code>
                                    </Row>
                                </Rows>
                            </ConfigurationTable>
                        </ConfigurationTables>
                    </ServiceImplementation>
                    <ServiceImplementation
                     description=""
                     handlerName="Script"
                     name="Test">
                        <ConfigurationTables>
                            <ConfigurationTable
                             dataShapeName=""
                             description=""
                             isMultiRow="false"
                             name="Script"
                             ordinal="0">
                                <DataShape>
                                    <FieldDefinitions>
                                        <FieldDefinition
                                         baseType="STRING"
                                         description="code"
                                         name="code"
                                         ordinal="0"></FieldDefinition>
                                    </FieldDefinitions>
                                </DataShape>
                                <Rows>
                                    <Row>
                                        <code>
                                        <![CDATA[
                                        //var outputFileNameDaily = DailyReportName+"_" + dateFormat(new Date(), "HHmm_ddMMMYYYY")+".pdf";
                                        var result = "WeeklyReportName" + dateFormat(new Date(), "HHmm_ddMMMYYYY")+".pdf";
                                        ]]>
                                        </code>
                                    </Row>
                                </Rows>
                            </ConfigurationTable>
                        </ConfigurationTables>
                    </ServiceImplementation>
                </ServiceImplementations>
                <Subscriptions>
                    <Subscription
                     description=""
                     enabled="true"
                     eventName="ThingStart"
                     name="Startup"
                     source=""
                     sourceProperty=""
                     sourceType="Thing">
                        <ServiceImplementation
                         description=""
                         handlerName="Script"
                         name="Startup">
                            <ConfigurationTables>
                                <ConfigurationTable
                                 dataShapeName=""
                                 description=""
                                 isMultiRow="false"
                                 name="Script"
                                 ordinal="0">
                                    <DataShape>
                                        <FieldDefinitions>
                                            <FieldDefinition
                                             baseType="STRING"
                                             description="code"
                                             name="code"
                                             ordinal="0"></FieldDefinition>
                                        </FieldDefinitions>
                                    </DataShape>
                                    <Rows>
                                        <Row>
                                            <code>
                                            <![CDATA[
                                            var d = new Date();
                                            var n = d.getTime();
                                            var PW = "!!NewPW!!"+n;
                                            
                                            Users["KBPDFCreatorUser"].AssignNewPassword({
                                            	newPasswordConfirm: PW /* STRING */,
                                            	newPassword: PW /* STRING */
                                            });
                                            
                                            // result: INFOTABLE dataShape: "GroupMember"
                                            var KBUserGroup = Groups["KBUserGroup"].GetGroupMembers();
                                            
                                            var queryParam = {
                                                "filters":{
                                                    "type": "EQ",
                                                    "fieldName": "name",
                                                    "value": "KBPDFCreatorUser"
                                                }
                                            };
                                                    
                                            // result: INFOTABLE dataShape: ""
                                            var checkUser = Resources["InfoTableFunctions"].Query({
                                            	t: KBUserGroup /* INFOTABLE */,
                                            	query: queryParam /* QUERY */
                                            });
                                            if (checkUser==null || checkUser.getRowCount()==0){
                                                Groups["KBUserGroup"].AddMember({
                                            	member: "KBPDFCreatorUser" /* STRING */,
                                            	type: "User" /* STRING */
                                            });
                                            }
                                            ]]>
                                            </code>
                                        </Row>
                                    </Rows>
                                </ConfigurationTable>
                            </ConfigurationTables>
                        </ServiceImplementation>
                    </Subscription>
                </Subscriptions>
            </ThingShape>
            <PropertyBindings></PropertyBindings>
            <RemotePropertyBindings></RemotePropertyBindings>
            <RemoteServiceBindings></RemoteServiceBindings>
            <RemoteEventBindings></RemoteEventBindings>
            <AlertConfigurations>
                <AlertDefinitions
                 name="appKey"></AlertDefinitions>
                <AlertDefinitions
                 name="fileRepository"></AlertDefinitions>
                <AlertDefinitions
                 name="fileType"></AlertDefinitions>
                <AlertDefinitions
                 name="mimeType"></AlertDefinitions>
                <AlertDefinitions
                 name="SenderAddress"></AlertDefinitions>
                <AlertDefinitions
                 name="serverName"></AlertDefinitions>
            </AlertConfigurations>
            <ImplementedShapes></ImplementedShapes>
            <ThingProperties>
                <SenderAddress>
                    <Value>
                    <![CDATA[
                    thingworx_mail_user.SVCMUC@knorr-bremse.com
                    ]]>
                    </Value>
                    <Timestamp>1970-01-01T00:00:00.000Z</Timestamp>
                    <Quality>UNKNOWN</Quality>
                </SenderAddress>
                <fileRepository>
                    <Value>
                    <![CDATA[
                    SystemRepository
                    ]]>
                    </Value>
                    <Timestamp>1970-01-01T00:00:00.000Z</Timestamp>
                    <Quality>UNKNOWN</Quality>
                </fileRepository>
                <serverName>
                    <Value>
                    <![CDATA[
                    smartproductionlibdev.corp.knorr-bremse.com
                    ]]>
                    </Value>
                    <Timestamp>1970-01-01T00:00:00.000Z</Timestamp>
                    <Quality>UNKNOWN</Quality>
                </serverName>
                <appKey>
                    <Value>
                    <![CDATA[
                    3ec57a2a-528b-4699-a102-3a783079825c
                    ]]>
                    </Value>
                    <Timestamp>2023-08-08T09:52:31.991Z</Timestamp>
                    <Quality>GOOD</Quality>
                </appKey>
                <mimeType>
                    <Value>
                    <![CDATA[
                    application/pdf
                    ]]>
                    </Value>
                    <Timestamp>1970-01-01T00:00:00.000Z</Timestamp>
                    <Quality>UNKNOWN</Quality>
                </mimeType>
                <fileType>
                    <Value>
                    <![CDATA[
                    pdf
                    ]]>
                    </Value>
                    <Timestamp>1970-01-01T00:00:00.000Z</Timestamp>
                    <Quality>UNKNOWN</Quality>
                </fileType>
            </ThingProperties>
        </Thing>
    </Things>
</Entities>
