<?xml version="1.0" encoding="UTF-8"?>
<Entities
 build="b527"
 majorVersion="9"
 minorVersion="0"
 modelPersistenceProviderPackage="MssqlPersistenceProviderPackage"
 revision="8"
 schemaVersion="1107"
 universal="password">
    <Users>
        <User
         aspect.isExtension="true"
         description=""
         documentationContent=""
         enabled="true"
         homeMashup=""
         lastModifiedDate="2021-09-20T08:23:00.010Z"
         locked="false"
         lockedTime="1970-01-01T00:00:00.000Z"
         mobileMashup=""
         name="KBPDFCreatorUser"
         projectName="KBsmartKPI"
         scimExternalId=""
         scimId=""
         tags="">
            <avatar></avatar>
            <DesignTimePermissions>
                <Create></Create>
                <Read></Read>
                <Update></Update>
                <Delete></Delete>
                <Metadata></Metadata>
            </DesignTimePermissions>
            <RunTimePermissions></RunTimePermissions>
            <VisibilityPermissions>
                <Visibility></Visibility>
            </VisibilityPermissions>
            <ConfigurationTableDefinitions></ConfigurationTableDefinitions>
            <ConfigurationTables>
                <ConfigurationTable
                 
                 description="UserExtensions"
                 isMultiRow="true"
                 name="UserExtensions"
                 ordinal="1">
                    <DataShape>
                        <FieldDefinitions>
                            <FieldDefinition
                             baseType="DATETIME"
                             description="Last update time"
                             name="lastUpdateTime"
                             ordinal="3"></FieldDefinition>
                            <FieldDefinition
                             aspect.isPrimaryKey="true"
                             baseType="STRING"
                             description="Name"
                             name="name"
                             ordinal="1"></FieldDefinition>
                            <FieldDefinition
                             baseType="STRING"
                             description="Value"
                             name="value"
                             ordinal="2"></FieldDefinition>
                        </FieldDefinitions>
                    </DataShape>
                    <Rows>
                    </Rows>
                </ConfigurationTable>
                <ConfigurationTable
                 
                 description="Settings"
                 isMultiRow="false"
                 name="Settings"
                 ordinal="2">
                    <DataShape>
                        <FieldDefinitions>
                            <FieldDefinition
                             aspect.defaultValue=""
                             aspect.isPrimaryKey="true"
                             baseType="STRING"
                             description="Primary language"
                             name="language"
                             ordinal="0"></FieldDefinition>
                        </FieldDefinitions>
                    </DataShape>
                    <Rows>
                        <Row>
                            <language></language>
                        </Row>
                    </Rows>
                </ConfigurationTable>
            </ConfigurationTables>
            <PersistentValues></PersistentValues>
        </User>
    </Users>
</Entities>
